count_mutex,files_operations,count_file_read,count_file_written,count_file_exists,count_file_deleted,count_file_copied,count_regkey_written,count_regkey_deleted,count_file_opened,count_dll_loaded,label
0,0,0,0,0,0,0,0,0,0,0,1
1,3,1,0,0,2,0,0,0,1,0,1
0,0,0,0,0,0,0,0,0,0,0,1
22,36,4,2,2,1,0,26,0,9,23,1
0,0,0,0,0,0,0,0,0,0,0,0
0,0,0,0,0,0,0,0,0,0,0,1
0,0,0,0,0,0,0,0,0,0,0,1
0,0,0,0,0,0,0,0,0,0,0,1
0,0,0,0,0,0,0,0,0,0,0,1
0,0,0,0,0,0,0,0,0,0,0,0
0,3,1,0,1,0,0,0,0,1,4,1
0,0,0,0,0,0,0,0,0,0,0,1
0,3,1,1,0,0,0,0,0,1,11,1
0,2,1,0,0,0,0,0,0,2,2,1
0,0,0,0,0,0,0,0,0,0,0,1
0,26,0,0,0,0,4,1,0,0,0,1
0,0,0,0,0,0,0,0,0,0,0,1
0,0,0,0,0,0,0,0,0,0,0,1
0,0,0,0,0,0,0,0,0,0,0,1
0,0,0,0,0,0,0,0,0,0,0,1
0,0,0,0,0,0,0,0,0,0,0,0
0,0,0,0,0,0,0,0,0,0,0,1
0,0,0,0,0,0,0,0,0,0,0,1
1,9,1,1,4,0,0,0,0,3,4,1
0,0,0,0,0,0,0,0,0,0,0,0
0,0,0,0,0,0,0,0,0,0,0,0
0,0,0,0,0,0,0,0,0,0,0,1
1,4,1,0,2,0,0,0,0,1,0,1
0,0,0,0,0,0,0,0,0,0,0,1
0,1,0,0,0,0,0,0,0,1,14,1
0,0,0,0,0,0,0,0,0,0,0,0
0,0,0,0,0,0,0,0,0,0,0,1
0,78,1,2,71,0,0,0,0,3,8,1
0,0,0,0,0,0,0,0,0,0,0,0
0,18,3,0,12,0,0,1,0,7,6,1
0,0,0,0,0,0,0,0,0,0,0,1
0,0,0,0,0,0,0,0,0,0,0,1
0,2,1,0,0,0,0,0,0,2,1,1
0,0,0,0,0,0,0,0,0,0,0,1
0,0,0,0,0,0,0,0,0,0,0,1
0,25,14,3,8,0,0,1,0,21,16,1
0,2,1,1,0,0,0,1,0,1,8,1
0,0,0,0,0,0,0,0,0,0,0,1
0,0,0,0,0,0,0,0,0,0,0,1
0,0,0,0,0,0,0,0,0,0,0,0
1,8,1,1,1,0,10,0,0,1,0,1
0,0,0,0,0,0,0,0,0,0,0,1
0,0,0,0,0,0,0,0,0,0,0,1
0,1,1,0,0,0,0,0,0,1,2,1
0,0,0,0,0,0,0,0,0,0,0,1
0,0,0,0,0,0,0,0,0,0,0,1
0,16,1,0,6,0,0,0,0,5,18,1
0,0,0,0,0,0,0,0,0,0,0,1
0,2,2,0,0,0,0,0,0,2,10,1
0,0,0,0,0,0,0,0,0,0,0,0
0,0,0,0,0,0,0,0,0,0,1,1
0,0,0,0,0,0,0,0,0,0,0,1
1,32,24,24,27,0,0,0,0,26,4,1
0,4,0,0,4,0,0,0,0,0,2,1
0,0,0,0,0,0,0,0,0,0,0,1
0,0,0,0,0,0,0,0,0,0,0,1
0,0,0,0,0,0,0,0,0,0,0,1
1,12,4,2,6,1,0,0,0,7,4,1
0,0,0,0,0,0,0,0,0,0,0,1
0,2,1,0,0,0,0,0,0,2,1,1
0,3,1,1,0,0,0,0,0,1,11,1
0,0,0,0,0,0,0,0,0,0,0,0
0,0,0,0,0,0,0,0,0,0,0,1
0,0,0,0,0,0,0,0,0,0,0,1
0,1,1,0,0,0,0,0,0,1,0,1
0,0,0,0,0,0,0,0,0,0,0,0
0,0,0,0,0,0,0,0,0,0,0,1
0,3,0,0,0,0,2,0,0,0,0,1
0,0,0,0,0,0,0,0,0,0,0,1
1,1,1,0,0,0,0,0,0,1,3,1
0,0,0,0,0,0,0,0,0,0,0,1
0,0,0,0,0,0,0,0,0,0,0,1
0,0,0,0,0,0,0,0,0,0,0,1
0,0,0,0,0,0,0,0,0,0,0,1
0,1,0,0,0,0,0,0,0,1,13,1
0,1,1,0,0,0,0,0,0,1,1,1
0,27,14,3,7,0,0,1,0,22,16,1
0,0,0,0,0,0,0,0,0,0,0,1
0,0,0,0,0,0,0,0,0,0,0,1
0,0,0,0,0,0,0,0,0,0,0,1
0,1,1,0,0,0,0,0,0,1,1,1
0,0,0,0,0,0,0,0,0,0,0,1
0,0,0,0,0,0,0,0,0,0,0,1
0,0,0,0,0,0,0,0,0,0,0,1
0,0,0,0,0,0,0,0,0,0,0,1
0,0,0,0,0,0,0,0,0,0,0,1
0,0,0,0,0,0,0,0,0,0,0,0
0,3,1,0,1,0,0,0,0,1,0,1
0,15,2,0,8,1,0,1,0,3,21,1
0,4,1,0,0,3,0,0,0,1,1,1
0,0,0,0,0,0,0,0,0,0,0,1
0,0,0,0,0,0,0,0,0,0,0,1
0,0,0,0,0,0,0,0,0,0,0,1
0,0,0,0,0,0,0,0,0,0,0,1
0,0,0,0,0,0,0,0,0,0,0,1
0,0,0,0,0,0,0,0,0,0,0,1
0,3,1,1,0,0,0,0,0,1,11,1
0,1,1,0,0,0,0,0,0,1,2,1
0,0,0,0,0,0,0,0,0,0,0,1
0,0,0,0,0,0,0,0,0,0,0,0
0,0,0,0,0,0,0,0,0,0,0,1
0,0,0,0,0,0,0,0,0,0,0,1
0,3,1,0,1,0,0,0,0,1,0,1
0,0,0,0,0,0,0,0,0,0,0,0
0,0,0,0,0,0,0,0,0,0,0,0
0,0,0,0,0,0,0,0,0,0,0,1
0,0,0,0,0,0,0,0,0,0,0,0
0,2,1,0,0,0,0,0,0,2,14,1
0,0,0,0,0,0,0,0,0,0,0,1
0,0,0,0,0,0,0,0,0,0,0,1
0,0,0,0,0,0,0,0,0,0,0,1
0,2,1,1,0,0,0,0,0,1,11,1
0,9,3,3,2,0,0,1,0,6,13,1
0,0,0,0,0,0,0,0,0,0,0,0
0,12,1,1,8,1,2,0,0,3,16,1
0,0,0,0,0,0,0,0,0,0,0,0
0,0,0,0,0,0,0,0,0,0,0,0
0,0,0,0,0,0,0,0,0,0,0,1
2,3,1,0,0,0,0,0,0,2,9,1
0,0,0,0,0,0,0,0,0,0,0,1
0,0,0,0,0,0,0,0,0,0,0,0
0,1,1,0,0,0,0,0,0,1,15,1
0,0,0,0,0,0,0,0,0,0,0,1
0,0,0,0,0,0,0,0,0,0,0,1
0,1,1,0,0,0,0,0,0,1,0,1
0,0,0,0,0,0,0,0,0,0,0,1
0,0,0,0,0,0,0,0,0,0,0,0
0,1,1,0,0,0,0,0,0,1,1,1
0,1,1,0,0,0,0,0,0,1,1,1
0,4,0,0,4,0,0,0,0,0,7,1
0,2,1,0,0,0,0,0,0,2,14,1
0,0,0,0,0,0,0,0,0,0,0,1
0,0,0,0,0,0,0,0,0,0,0,1
0,0,0,0,0,0,0,0,0,0,0,0
0,0,0,0,0,0,0,0,0,0,0,1
0,2,1,0,0,0,0,0,0,2,1,1
0,0,0,0,0,0,0,0,0,0,0,1
0,0,0,0,0,0,0,0,0,0,0,1
0,0,0,0,0,0,0,0,0,0,0,0
0,0,0,0,0,0,0,0,0,0,0,1
0,6,1,0,0,0,0,0,0,1,9,1
0,0,0,0,0,0,0,0,0,0,0,0
0,0,0,0,0,0,0,0,0,0,0,1
0,0,0,0,0,0,0,0,0,0,0,1
0,0,0,0,0,0,0,0,0,0,0,0
0,0,0,0,0,0,0,0,0,0,0,1
0,2,1,0,0,0,0,0,0,2,4,1
1,17,1,0,15,0,2,23,0,2,10,1
0,0,0,0,0,0,0,0,0,0,0,1
0,0,0,0,0,0,0,0,0,0,0,1
0,19,2,0,4,0,14,4,0,7,16,1
0,2,2,0,0,0,0,0,0,2,10,1
0,1,0,0,0,0,0,0,0,1,1,1
0,4,0,0,4,0,0,0,0,0,2,1
0,0,0,0,0,0,0,0,0,0,0,1
0,0,0,0,0,0,0,0,0,0,1,1
0,0,0,0,0,0,0,0,0,0,0,1
0,3,1,1,0,0,0,0,0,1,11,1
0,0,0,0,0,0,0,0,0,0,0,1
0,0,0,0,0,0,0,0,0,0,0,1
0,3,1,1,0,0,0,0,0,1,11,1
0,0,0,0,0,0,0,0,0,0,0,1
0,0,0,0,0,0,0,0,0,0,0,0
0,0,0,0,0,0,0,0,0,0,0,1
0,0,0,0,0,0,0,0,0,0,0,1
0,0,0,0,0,0,0,0,0,0,1,1
0,0,0,0,0,0,0,0,0,0,0,1
0,1,1,0,0,0,0,0,0,1,1,1
0,0,0,0,0,0,0,0,0,0,0,1
0,0,0,0,0,0,0,0,0,0,0,1
0,0,0,0,0,0,0,0,0,0,0,1
0,0,0,0,0,0,0,0,0,0,0,1
0,2,1,1,0,0,0,0,0,1,11,1
0,0,0,0,0,0,0,0,0,0,0,1
0,0,0,0,0,0,0,0,0,0,0,0
0,0,0,0,0,0,0,0,0,0,0,0
1,6,0,1,1,1,2,0,0,2,4,1
0,0,0,0,0,0,0,0,0,0,0,0
0,0,0,0,0,0,0,0,0,0,0,0
0,2,0,1,0,0,0,0,0,1,1,1
0,0,0,0,0,0,0,0,0,0,0,1
1,11,2,1,0,0,0,0,0,10,15,1
0,0,0,0,0,0,0,0,0,0,0,1
0,0,0,0,0,0,0,0,0,0,0,1
0,0,0,0,0,0,0,0,0,0,0,0
4,1,1,0,0,0,0,2,4,1,15,1
0,0,0,0,0,0,0,0,0,0,0,1
0,0,0,0,0,0,0,0,0,0,2,1
0,0,0,0,0,0,0,0,0,0,0,1
0,0,0,0,0,0,0,0,0,0,0,0
0,0,0,0,0,0,0,0,0,0,0,0
0,0,0,0,0,0,0,0,0,0,0,1
0,3,0,0,1,0,0,0,0,2,1,1
0,0,0,0,0,0,0,0,0,0,0,1
0,0,0,0,0,0,0,0,0,0,0,1
0,0,0,0,0,0,0,0,0,0,0,1
0,0,0,0,0,0,0,0,0,0,0,1
22,36,4,2,2,1,0,26,0,9,23,1
0,0,0,0,0,0,0,0,0,0,0,1
0,1,1,0,0,0,0,0,0,1,3,1
0,1,1,0,0,0,0,0,0,1,3,1
0,26,1,0,0,0,0,0,0,1,2,1
0,1,1,0,0,0,0,0,0,1,1,1
0,0,0,0,0,0,0,0,0,0,0,1
1,5,3,2,0,0,2,0,0,3,0,1
0,1,1,0,0,0,0,0,0,1,2,1
0,0,0,0,0,0,0,0,0,0,0,0
0,2,1,0,0,0,0,0,0,2,14,1
0,13,2,4,6,0,0,4,1,6,8,1
0,0,0,0,0,0,0,0,0,0,0,1
0,0,0,0,0,0,0,0,0,0,0,1
0,4,0,0,4,0,0,0,0,0,8,1
0,8,1,2,4,0,0,0,0,2,6,1
0,1,1,0,0,0,0,0,0,1,11,1
0,0,0,0,0,0,0,0,0,0,0,1
0,0,0,0,0,0,0,0,0,0,0,1
0,0,0,0,0,0,0,0,0,0,0,1
0,0,0,0,0,0,0,0,0,0,0,0
0,3,1,1,0,0,0,0,0,1,11,1
0,0,0,0,0,0,0,0,0,0,0,1
0,0,0,0,0,0,0,0,0,0,0,1
1,3,0,0,0,0,4,1,0,0,2,1
0,0,0,0,0,0,0,0,0,0,0,1
0,0,0,0,0,0,0,0,0,0,0,1
0,0,0,0,0,0,0,0,0,0,0,1
0,0,0,0,0,0,0,0,0,0,0,1
0,1,1,0,0,0,0,0,0,1,1,1
0,0,0,0,0,0,0,0,0,0,0,1
1,0,0,0,0,0,0,0,0,0,0,1
0,0,0,0,0,0,0,0,0,0,0,0
0,1,0,0,0,0,0,0,0,0,0,1
0,3,1,1,0,0,0,0,0,1,11,1
0,0,0,0,0,0,0,0,0,0,0,1
0,0,0,0,0,0,0,0,0,0,0,1
0,0,0,0,0,0,0,0,0,0,0,1
0,0,0,0,0,0,0,0,0,0,0,1
0,17,1,0,8,0,0,0,0,5,16,1
0,0,0,0,0,0,0,0,0,0,0,1
0,0,0,0,0,0,0,0,0,0,0,1
0,0,0,0,0,0,0,0,0,0,0,1
0,0,0,0,0,0,0,0,0,0,0,1
0,0,0,0,0,0,0,0,0,0,0,1
39,6,3,1,1,0,4,1,0,3,8,1
0,0,0,0,0,0,0,0,0,0,0,0
0,3,1,1,0,0,0,0,0,1,11,1
0,0,0,0,0,0,0,0,0,0,0,1
0,0,0,0,0,0,0,0,0,0,0,1
0,0,0,0,0,0,0,0,0,0,0,1
0,0,0,0,0,0,0,0,0,0,0,0
0,0,0,0,0,0,0,0,0,0,0,1
0,0,0,0,0,0,0,0,0,0,0,0
0,0,0,0,0,0,0,0,0,0,0,1
0,0,0,0,0,0,0,0,0,0,0,0
0,2,1,0,0,0,0,0,0,2,8,1
0,0,0,0,0,0,0,0,0,0,0,0
0,0,0,0,0,0,0,0,0,0,0,1
0,0,0,0,0,0,0,0,0,0,0,1
0,0,0,0,0,0,0,0,0,0,0,1
0,0,0,0,0,0,0,0,0,0,0,1
0,0,0,0,0,0,0,0,0,0,0,1
0,0,0,0,0,0,0,0,0,0,0,1
0,1,1,0,0,0,0,0,0,1,20,1
0,0,0,0,0,0,0,0,0,0,0,1
0,0,0,0,0,0,0,0,0,0,0,1
0,0,0,0,0,0,0,0,0,0,0,1
0,0,0,0,0,0,0,0,0,0,0,0
0,0,0,0,0,0,0,0,0,0,0,1
0,0,0,0,0,0,0,0,0,0,0,1
0,0,0,0,0,0,0,0,0,0,0,1
1,32,24,24,27,0,0,0,0,26,4,1
0,0,0,0,0,0,0,0,0,0,0,1
0,8,0,0,6,1,0,0,0,0,7,1
0,0,0,0,0,0,0,0,0,0,0,1
0,25,14,3,4,0,0,1,0,21,16,1
0,0,0,0,0,0,0,0,0,0,0,1
0,0,0,0,0,0,0,0,0,0,0,1
0,0,0,0,0,0,0,0,0,0,0,1
1,1,1,0,0,0,0,0,0,1,4,1
0,0,0,0,0,0,0,0,0,0,0,1
0,0,0,0,0,0,0,0,0,0,0,1
0,0,0,0,0,0,0,0,0,0,0,1
0,0,0,0,0,0,0,0,0,0,0,1
0,0,0,0,0,0,0,0,0,0,0,1
0,2,1,0,0,0,0,0,0,2,14,1
0,0,0,0,0,0,0,0,0,0,0,1
0,9,2,1,5,0,0,1,0,3,9,1
0,3,1,0,1,0,0,0,0,1,0,1
0,3,1,1,0,0,0,0,0,1,11,1
0,0,0,0,0,0,0,0,0,0,0,0
0,0,0,0,0,0,0,0,0,0,0,1
0,4,1,1,1,0,0,0,0,2,13,1
0,0,0,0,0,0,0,0,0,0,0,0
0,2,0,1,0,0,2,0,0,1,8,1
0,0,0,0,0,0,0,0,0,0,0,1
0,0,0,0,0,0,0,0,0,0,0,0
0,2,1,0,0,0,0,0,0,2,2,1
0,1,0,0,0,0,0,0,0,1,0,1
0,5,0,0,4,0,0,0,0,0,6,1
0,2,0,0,0,0,0,0,0,1,17,1
0,0,0,0,0,0,0,0,0,0,0,1
0,0,0,0,0,0,0,0,0,0,0,0
0,0,0,0,0,0,0,0,0,0,0,1
0,2,1,0,0,0,0,0,0,2,1,1
2,13,1,0,0,0,0,4,0,2,23,1
0,0,0,0,0,0,0,0,0,0,0,1
0,2,1,0,0,0,0,0,0,1,2,1
0,1,0,0,0,0,0,0,0,1,11,1
0,1,0,0,0,0,0,0,0,1,15,1
0,1,1,0,0,0,0,0,0,1,1,1
0,0,0,0,0,0,0,0,0,0,0,1
0,1,1,0,0,0,0,0,0,1,2,1
0,0,0,0,0,0,0,0,0,0,0,0
0,14,4,0,2,0,0,0,0,12,10,1
0,0,0,0,0,0,0,0,0,0,0,1
0,0,0,0,0,0,0,0,0,0,0,1
0,0,0,0,0,0,0,0,0,0,0,1
0,0,0,0,0,0,0,0,0,0,0,1
0,0,0,0,0,0,0,0,0,0,1,1
0,0,0,0,0,0,0,0,0,0,0,1
0,0,0,0,0,0,0,0,0,0,0,0
0,0,0,0,0,0,0,0,0,0,0,1
0,0,0,0,0,0,0,0,0,0,0,1
1,16,1,2,2,0,0,17,0,12,48,1
0,0,0,0,0,0,0,0,0,0,0,1
1,18,10,10,13,0,0,0,0,12,4,1
0,0,0,0,0,0,0,0,0,0,0,1
0,0,0,0,0,0,0,0,0,0,0,0
0,1,1,0,0,0,0,0,0,1,20,1
0,0,0,0,0,0,0,0,0,0,0,0
0,0,0,0,0,0,0,0,0,0,0,1
0,1,0,0,0,0,0,0,0,0,9,1
0,0,0,0,0,0,0,0,0,0,0,0
0,1,1,0,0,0,0,0,0,1,3,1
0,0,0,0,0,0,0,0,0,0,0,1
0,3,1,1,0,0,0,0,0,1,12,1
0,1,1,0,0,0,0,0,0,1,1,1
0,0,0,0,0,0,0,0,0,0,0,1
0,0,0,0,0,0,0,0,0,0,0,0
0,0,0,0,0,0,0,0,0,0,0,0
0,1,1,0,0,0,0,0,0,1,1,1
0,4,0,0,4,0,0,0,0,0,7,1
0,0,0,0,0,0,0,0,0,0,0,1
0,0,0,0,0,0,0,0,0,0,0,1
0,0,0,0,0,0,0,0,0,0,0,0
1,399,0,0,0,0,792,1,0,1,0,1
0,0,0,0,0,0,0,0,0,0,0,1
0,4,0,0,4,0,0,0,0,0,10,1
0,0,0,0,0,0,0,0,0,0,0,0
0,0,0,0,0,0,0,0,0,0,0,1
0,0,0,0,0,0,0,0,0,0,0,1
0,0,0,0,0,0,0,0,0,0,0,1
0,0,0,0,0,0,0,0,0,0,0,1
0,3,1,1,0,0,0,0,0,1,11,1
0,0,0,0,0,0,0,0,0,0,0,0
0,0,0,0,0,0,0,0,0,0,0,0
0,0,0,0,0,0,0,0,0,0,0,1
0,0,0,0,0,0,0,0,0,0,0,1
0,0,0,0,0,0,0,0,0,0,0,1
0,0,0,0,0,0,0,0,0,0,0,1
0,0,0,0,0,0,0,0,0,0,1,1
0,0,0,0,0,0,0,0,0,0,0,1
0,10,3,3,3,0,0,1,0,6,13,1
0,0,0,0,0,0,0,0,0,0,0,0
0,0,0,0,0,0,0,0,0,0,0,0
0,0,0,0,0,0,0,0,0,0,0,1
0,0,0,0,0,0,0,0,0,0,0,1
0,0,0,0,0,0,0,0,0,0,0,1
0,0,0,0,0,0,0,0,0,0,0,1
0,2,1,0,0,0,0,0,0,2,1,1
0,0,0,0,0,0,0,0,0,0,0,1
0,0,0,0,0,0,0,0,0,0,0,1
0,3,1,1,0,0,0,0,0,1,11,1
0,0,0,0,0,0,0,0,0,0,0,1
0,0,0,0,0,0,0,0,0,0,0,1
0,49,7,5,4,0,66,4,0,12,16,1
0,3,1,1,0,0,0,0,0,1,11,1
0,0,0,0,0,0,0,0,0,0,0,1
0,0,0,0,0,0,0,0,0,0,0,1
0,3,1,1,0,0,0,1,0,1,8,1
0,10,1,2,4,0,0,0,0,3,7,1
0,0,0,0,0,0,0,0,0,0,0,1
0,0,0,0,0,0,0,0,0,0,0,0
0,0,0,0,0,0,0,0,0,0,0,1
0,5,0,0,5,0,0,0,0,0,10,1
0,0,0,0,0,0,0,0,0,0,0,1
0,0,0,0,0,0,0,0,0,0,0,1
0,0,0,0,0,0,0,0,0,0,0,1
0,0,0,0,0,0,0,0,0,0,0,0
0,0,0,0,0,0,0,0,0,0,2,1
0,5,0,0,1,0,4,0,0,0,0,1
0,15,15,14,0,0,0,0,0,15,0,1
0,26,1,0,0,0,0,0,0,1,2,1
0,1,1,0,0,0,0,0,0,1,1,1
0,2,1,1,0,0,0,0,0,1,10,1
0,0,0,0,0,0,0,0,0,0,0,1
0,0,0,0,0,0,0,0,0,0,0,1
0,2,1,0,0,0,0,0,0,2,19,1
0,0,0,0,0,0,0,0,0,0,0,0
0,0,0,0,0,0,0,0,0,0,0,1
0,1,1,0,0,0,0,0,0,1,2,1
0,0,0,0,0,0,0,0,0,0,0,1
1,3,0,0,0,0,4,1,0,0,2,1
0,0,0,0,0,0,0,0,0,0,0,1
0,0,0,0,0,0,0,0,0,0,0,0
0,0,0,0,0,0,0,0,0,0,0,0
0,0,0,0,0,0,0,0,0,0,0,1
0,0,0,0,0,0,0,0,0,0,0,0
1,0,0,0,0,0,0,0,0,0,0,1
0,1,1,0,0,0,0,0,0,1,2,1
0,0,0,0,0,0,0,0,0,0,0,1
0,0,0,0,0,0,0,0,0,0,0,1
0,0,0,0,0,0,0,0,0,0,0,1
0,0,0,0,0,0,0,0,0,0,0,1
0,0,0,0,0,0,0,0,0,0,0,1
0,0,0,0,0,0,0,0,0,0,0,1
0,0,0,0,0,0,0,0,0,0,0,1
0,0,0,0,0,0,0,0,0,0,0,0
0,10,3,3,3,0,0,1,0,6,13,1
0,1,1,0,0,0,0,0,0,1,2,1
0,0,0,0,0,0,0,0,0,0,0,1
2,3,0,0,0,0,0,0,0,1,10,1
0,0,0,0,0,0,0,0,0,0,0,1
0,0,0,0,0,0,0,0,0,0,0,1
2,53,2,1,39,1,0,0,0,8,39,1
0,0,0,0,0,0,0,0,0,0,0,1
0,0,0,0,0,0,0,0,0,0,0,0
0,0,0,0,0,0,0,0,0,0,0,1
0,3,1,0,1,0,0,0,0,1,0,1
0,0,0,0,0,0,0,0,0,0,0,1
0,0,0,0,0,0,0,0,0,0,0,1
0,0,0,0,0,0,0,0,0,0,0,1
0,0,0,0,0,0,0,0,0,0,0,1
0,0,0,0,0,0,0,0,0,0,0,0
0,0,0,0,0,0,0,0,0,0,0,1
0,0,0,0,0,0,0,0,0,0,0,1
0,2,1,0,0,0,0,0,0,2,19,1
0,2,0,0,0,0,0,0,0,0,0,1
0,0,0,0,0,0,0,0,0,0,0,1
0,1,0,0,0,0,0,0,0,1,2,1
0,0,0,0,0,0,0,0,0,0,0,1
0,0,0,0,0,0,0,0,0,0,1,1
0,0,0,0,0,0,0,0,0,0,0,1
0,0,0,0,0,0,0,0,0,0,0,1
0,1,0,0,0,0,0,0,0,1,1,1
0,1,1,0,0,0,0,0,0,1,11,1
0,0,0,0,0,0,0,0,0,0,0,1
1,8,0,0,6,1,0,242,0,0,14,1
0,0,0,0,0,0,0,0,0,0,0,1
0,0,0,0,0,0,0,0,0,0,0,1
1,4,1,0,1,0,0,11,0,2,23,1
0,3,1,0,1,0,0,0,0,1,0,1
0,4,2,1,0,1,0,0,0,3,8,1
0,0,0,0,0,0,0,0,0,0,0,1
0,0,0,0,0,0,0,0,0,0,0,0
0,0,0,0,0,0,0,0,0,0,0,0
0,0,0,0,0,0,0,0,0,0,0,1
0,1,1,0,0,0,0,0,0,1,8,1
0,0,0,0,0,0,0,0,0,0,0,1
0,0,0,0,0,0,0,0,0,0,0,1
0,0,0,0,0,0,0,0,0,0,0,0
0,0,0,0,0,0,0,0,0,0,0,1
0,0,0,0,0,0,0,0,0,0,0,1
0,0,0,0,0,0,0,0,0,0,0,0
1,13,1,0,0,0,0,0,0,2,12,1
0,0,0,0,0,0,0,0,0,0,0,1
0,1,1,0,0,0,0,0,0,1,2,1
0,0,0,0,0,0,0,0,0,0,0,1
0,0,0,0,0,0,0,0,0,0,0,1
0,0,0,0,0,0,0,0,0,0,0,1
0,0,0,0,0,0,0,0,0,0,0,1
1,13,0,0,5,0,0,0,0,8,41,1
0,0,0,0,0,0,0,0,0,0,0,1
0,0,0,0,0,0,0,0,0,0,0,0
0,0,0,0,0,0,0,0,0,0,0,1
0,0,0,0,0,0,0,0,0,0,0,1
0,0,0,0,0,0,0,0,0,0,0,1
0,0,0,0,0,0,0,0,0,0,0,1
0,0,0,0,0,0,0,0,0,0,0,1
0,0,0,0,0,0,0,0,0,0,0,1
0,0,0,0,0,0,0,0,0,0,0,0
0,0,0,0,0,0,0,0,0,0,12,1
0,194,1,2,187,0,0,0,0,3,8,1
9,7,2,0,0,0,0,7,0,4,32,1
0,0,0,0,0,0,0,0,0,0,0,0
0,0,0,0,0,0,0,0,0,0,0,1
0,0,0,0,0,0,0,0,0,0,0,1
0,0,0,0,0,0,0,0,0,0,0,1
0,5,2,2,1,0,0,1,0,3,8,1
0,0,0,0,0,0,0,0,0,0,0,1
0,3,0,0,1,0,0,0,0,1,4,1
1,3,0,0,1,0,2,0,0,2,6,1
0,0,0,0,0,0,0,0,0,0,0,1
0,0,0,0,0,0,0,0,0,0,0,0
0,3,1,0,1,0,0,0,0,1,4,1
0,1,1,0,0,0,0,0,0,1,1,1
0,0,0,0,0,0,0,0,0,0,0,1
0,0,0,0,0,0,0,0,0,0,0,1
0,2,0,0,0,0,0,0,0,0,0,1
0,0,0,0,0,0,0,0,0,0,0,1
0,0,0,0,0,0,0,0,0,0,0,1
0,0,0,0,0,0,0,0,0,0,0,1
0,2,1,1,0,0,0,1,0,1,8,1
22,30,3,2,2,1,0,26,0,3,15,1
0,0,0,0,0,0,0,0,0,0,0,1
0,1,1,0,0,0,0,0,0,1,0,1
0,2,1,0,0,0,0,0,0,2,1,1
0,0,0,0,0,0,0,0,0,0,1,1
0,0,0,0,0,0,0,0,0,0,0,0
0,4,0,0,4,0,0,0,0,0,3,1
0,0,0,0,0,0,0,0,0,0,0,1
0,3,1,1,0,0,0,0,0,1,11,1
0,0,0,0,0,0,0,0,0,0,0,1
0,0,0,0,0,0,0,0,0,0,0,0
0,0,0,0,0,0,0,0,0,0,0,0
0,3,1,0,1,0,0,0,0,1,4,1
0,0,0,0,0,0,0,0,0,0,0,1
0,0,0,0,0,0,0,0,0,0,0,1
0,5,2,2,2,0,0,1,0,2,12,1
0,3,1,1,0,0,0,0,0,1,11,1
0,0,0,0,0,0,0,0,0,0,0,1
0,0,0,0,0,0,0,0,0,0,0,0
0,0,0,0,0,0,0,0,0,0,0,0
0,0,0,0,0,0,0,0,0,0,0,1
0,0,0,0,0,0,0,0,0,0,0,1
0,0,0,0,0,0,0,0,0,0,0,1
0,0,0,0,0,0,0,0,0,0,0,1
0,0,0,0,0,0,0,0,0,0,0,1
0,0,0,0,0,0,0,0,0,0,0,0
0,1,0,0,0,0,0,0,0,1,10,1
0,4,2,1,0,1,0,0,0,3,8,1
0,2,1,0,0,0,0,0,0,2,1,1
0,0,0,0,0,0,0,0,0,0,0,1
0,6,1,1,4,0,0,0,0,2,7,1
0,0,0,0,0,0,0,0,0,0,0,1
0,0,0,0,0,0,0,0,0,0,0,1
0,0,0,0,0,0,0,0,0,0,0,1
0,0,0,0,0,0,0,0,0,0,0,0
0,27,14,3,7,0,0,1,0,22,16,1
0,0,0,0,0,0,0,0,0,0,0,1
0,0,0,0,0,0,0,0,0,0,0,0
0,7,0,0,6,0,0,0,0,0,4,1
0,0,0,0,0,0,0,0,0,0,0,0
0,0,0,0,0,0,0,0,0,0,0,0
0,0,0,0,0,0,0,0,0,0,0,1
0,0,0,0,0,0,0,0,0,0,0,1
0,0,0,0,0,0,0,0,0,0,0,1
0,0,0,0,0,0,0,0,0,0,0,0
0,0,0,0,0,0,0,0,0,0,0,0
3,9,2,0,4,0,2,2,4,5,13,1
1,1,1,0,0,0,0,0,0,1,2,1
0,0,0,0,0,0,0,0,0,0,0,1
0,0,0,0,0,0,0,0,0,0,0,1
0,3,1,0,1,0,0,0,0,1,4,1
0,0,0,0,0,0,0,0,0,0,0,0
0,5,1,0,2,0,0,0,0,2,6,1
0,0,0,0,0,0,0,0,0,0,0,0
0,0,0,0,0,0,0,0,0,0,0,1
0,0,0,0,0,0,0,0,0,0,0,0
0,0,0,0,0,0,0,0,0,0,0,1
0,0,0,0,0,0,0,0,0,0,0,1
0,0,0,0,0,0,0,0,0,0,0,1
0,0,0,0,0,0,0,0,0,0,0,1
0,0,0,0,0,0,0,0,0,0,0,1
0,0,0,0,0,0,0,0,0,0,0,1
0,0,0,0,0,0,0,0,0,0,0,1
0,0,0,0,0,0,0,0,0,0,0,1
0,0,0,0,0,0,0,0,0,0,0,1
0,0,0,0,0,0,0,0,0,0,0,1
0,0,0,0,0,0,0,0,0,0,0,1
0,0,0,0,0,0,0,0,0,0,0,0
0,0,0,0,0,0,0,0,0,0,0,1
0,4,1,0,0,3,0,0,0,1,1,1
0,0,0,0,0,0,0,0,0,0,0,1
0,3,1,1,0,0,0,0,0,1,11,1
0,1,1,0,0,0,0,0,0,1,1,1
0,3,1,0,1,0,0,0,0,1,0,1
0,0,0,0,0,0,0,0,0,0,0,1
0,0,0,0,0,0,0,0,0,0,0,1
0,0,0,0,0,0,0,0,0,0,0,1
0,0,0,0,0,0,0,0,0,0,0,1
0,0,0,0,0,0,0,0,0,0,0,0
0,0,0,0,0,0,0,0,0,0,0,0
0,0,0,0,0,0,0,0,0,0,0,1
0,0,0,0,0,0,0,0,0,0,0,1
0,2,0,0,0,0,2,0,0,0,0,1
0,0,0,0,0,0,0,0,0,0,0,1
0,1,1,0,0,0,0,0,0,1,11,1
0,0,0,0,0,0,0,0,0,0,0,0
0,0,0,0,0,0,0,0,0,0,0,1
0,0,0,0,0,0,0,0,0,0,0,0
0,0,0,0,0,0,0,0,0,0,0,1
1,3,0,0,0,0,4,1,0,0,17,1
0,0,0,0,0,0,0,0,0,0,0,1
0,0,0,0,0,0,0,0,0,0,0,1
0,0,0,0,0,0,0,0,0,0,0,1
0,0,0,0,0,0,0,0,0,0,0,1
0,0,0,0,0,0,0,0,0,0,0,1
18,34,3,2,6,1,0,26,0,3,18,1
0,0,0,0,0,0,0,0,0,0,0,1
0,1,0,0,0,0,0,0,0,0,11,1
0,0,0,0,0,0,0,0,0,0,0,1
0,0,0,0,0,0,0,0,0,0,0,1
0,0,0,0,0,0,0,0,0,0,0,1
0,1,0,0,0,0,0,0,0,1,5,1
0,0,0,0,0,0,0,0,0,0,0,1
0,3,1,1,0,0,0,0,0,1,11,1
0,0,0,0,0,0,0,0,0,0,0,1
0,9,1,2,4,0,0,0,0,3,6,1
0,0,0,0,0,0,0,0,0,0,5,1
0,0,0,0,0,0,0,0,0,0,0,1
0,0,0,0,0,0,0,0,0,0,0,1
0,0,0,0,0,0,0,0,0,0,0,0
0,0,0,0,0,0,0,0,0,0,0,0
0,0,0,0,0,0,0,0,0,0,0,1
0,0,0,0,0,0,0,0,0,0,0,0
0,0,0,0,0,0,0,0,0,0,0,1
0,0,0,0,0,0,0,0,0,0,0,1
0,0,0,0,0,0,0,0,0,0,0,1
0,0,0,0,0,0,0,0,0,0,0,1
0,0,0,0,0,0,0,0,0,0,0,1
0,0,0,0,0,0,0,0,0,0,0,1
0,1,1,0,0,0,0,0,0,1,1,1
0,0,0,0,0,0,0,0,0,0,0,0
0,0,0,0,0,0,0,0,0,0,0,1
0,0,0,0,0,0,0,0,0,0,0,1
0,0,0,0,0,0,0,0,0,0,0,1
0,0,0,0,0,0,0,0,0,0,0,1
0,13,1,0,4,0,0,0,0,3,12,1
0,0,0,0,0,0,0,0,0,0,0,1
0,0,0,0,0,0,0,0,0,0,0,1
0,0,0,0,0,0,0,0,0,0,0,1
0,0,0,0,0,0,0,0,0,0,0,1
0,6,0,1,4,3,0,0,0,1,17,1
0,3,1,0,0,0,0,0,0,3,1,1
0,0,0,0,0,0,0,0,0,0,0,1
0,0,0,0,0,0,0,0,0,0,0,1
0,0,0,0,0,0,0,0,0,0,0,1
0,1,1,0,0,0,0,0,0,1,1,1
0,0,0,0,0,0,0,0,0,0,0,1
0,0,0,0,0,0,0,0,0,0,1,1
0,1,0,0,0,1,0,0,0,0,8,1
0,0,0,0,0,0,0,0,0,0,0,0
0,0,0,0,0,0,0,0,0,0,0,1
0,0,0,0,0,0,0,0,0,0,5,1
0,0,0,0,0,0,0,0,0,0,0,1
0,0,0,0,0,0,0,0,0,0,0,1
0,0,0,0,0,0,0,0,0,0,0,0
0,0,0,0,0,0,0,0,0,0,0,0
0,0,0,0,0,0,0,0,0,0,0,0
0,1,1,0,0,0,0,0,0,1,0,1
0,3,1,1,0,0,0,0,0,1,11,1
0,0,0,0,0,0,0,0,0,0,0,0
0,0,0,0,0,0,0,0,0,0,0,0
0,3,1,1,0,0,0,0,0,1,11,1
0,14,1,0,5,0,0,0,0,4,15,1
0,0,0,0,0,0,0,0,0,0,0,1
0,0,0,0,0,0,0,0,0,0,0,1
0,0,0,0,0,0,0,0,0,0,0,0
0,0,0,0,0,0,0,0,0,0,0,1
0,0,0,0,0,0,0,0,0,0,0,1
0,1,1,0,0,0,0,0,0,1,4,1
0,0,0,0,0,0,0,0,0,0,0,1
0,0,0,0,0,0,0,0,0,0,0,0
0,0,0,0,0,0,0,0,0,0,0,1
0,0,0,0,0,0,0,0,0,0,0,1
0,0,0,0,0,0,0,0,0,0,0,1
0,0,0,0,0,0,0,0,0,0,0,0
0,0,0,0,0,0,0,0,0,0,0,1
0,0,0,0,0,0,0,0,0,0,0,1
0,1,1,0,0,0,0,0,0,1,0,1
0,0,0,0,0,0,0,0,0,0,0,1
0,0,0,0,0,0,0,0,0,0,0,1
0,0,0,0,0,0,0,0,0,0,0,0
0,0,0,0,0,0,0,0,0,0,0,1
0,3,1,0,0,0,0,0,0,3,3,1
0,0,0,0,0,0,0,0,0,0,0,0
0,4,1,0,0,3,0,0,0,1,1,1
0,1,0,0,0,0,0,0,0,1,5,1
0,1,0,0,0,0,0,0,0,1,13,1
0,0,0,0,0,0,0,0,0,0,0,0
0,0,0,0,0,0,0,0,0,0,0,1
0,0,0,0,0,0,0,0,0,0,0,1
0,0,0,0,0,0,0,0,0,0,0,0
0,0,0,0,0,0,0,0,0,0,0,1
1,5,0,1,1,0,4,0,0,0,0,1
0,3,1,1,0,0,0,0,0,1,11,1
0,1,1,0,0,0,0,0,0,1,1,1
0,1,1,0,0,0,0,0,0,1,1,1
0,0,0,0,0,0,0,0,0,0,0,1
0,3,1,1,0,0,0,0,0,1,11,1
0,0,0,0,0,0,0,0,0,0,0,0
0,0,0,0,0,0,0,0,0,0,0,1
0,0,0,0,0,0,0,0,0,0,0,1
0,0,0,0,0,0,0,0,0,0,0,1
0,0,0,0,0,0,0,0,0,0,0,1
0,1,1,0,0,0,0,0,0,1,2,1
0,0,0,0,0,0,0,6,0,0,6,1
0,5,0,1,3,2,0,0,0,0,7,1
0,1,1,0,0,0,0,0,0,1,0,1
0,57,1,0,26,0,0,115,7,4,25,1
0,0,0,0,0,0,0,0,0,0,0,1
0,2,1,0,0,0,0,0,0,2,5,1
0,1,1,0,0,0,0,0,0,1,1,1
0,3,1,1,0,0,0,0,0,1,11,1
0,0,0,0,0,0,0,0,0,0,0,0
0,0,0,0,0,0,0,0,0,0,4,1
0,0,0,0,0,0,0,0,0,0,0,1
0,0,0,0,0,0,0,0,0,0,0,1
0,0,0,0,0,0,0,0,0,0,0,1
0,1,1,0,0,0,0,0,0,1,22,1
0,10,1,2,4,0,0,0,0,3,7,1
0,0,0,0,0,0,0,0,0,0,0,0
0,3,1,1,0,0,0,0,0,1,11,1
0,0,0,0,0,0,0,0,0,0,0,1
0,1,0,0,0,0,0,0,0,0,1,1
0,0,0,0,0,0,0,0,0,0,0,1
0,0,0,0,0,0,0,0,0,0,0,0
0,0,0,0,0,0,0,0,0,0,0,1
0,1,1,0,0,0,0,0,0,1,1,1
2,5,1,1,0,3,0,0,0,1,1,1
5,11,0,2,0,0,0,1,0,9,1,1
1,3,0,0,0,0,4,1,0,0,17,1
0,0,0,0,0,0,0,0,0,0,0,1
0,0,0,0,0,0,0,0,0,0,0,1
0,0,0,0,0,0,0,0,0,0,0,1
0,6,1,0,3,0,0,0,0,2,7,1
0,0,0,0,0,0,0,0,0,0,0,1
0,0,0,0,0,0,0,0,0,0,0,1
0,0,0,0,0,0,0,0,0,0,0,1
0,3,1,1,0,0,0,0,0,1,11,1
0,0,0,0,0,0,0,0,0,0,0,1
0,0,0,0,0,0,0,0,0,0,0,1
0,3,1,0,1,0,0,0,0,1,0,1
0,3,1,1,0,0,0,0,0,1,11,1
0,0,0,0,0,0,0,0,0,0,1,1
1,3,0,0,0,0,4,1,0,0,2,1
0,3,0,0,0,0,0,0,0,0,0,1
0,0,0,0,0,0,0,0,0,0,0,0
0,0,0,0,0,0,0,0,0,0,0,1
0,0,0,0,0,0,0,0,0,0,0,1
0,0,0,0,0,0,0,0,0,0,0,1
0,0,0,0,0,0,0,0,0,0,0,0
0,0,0,0,0,0,0,0,0,0,0,0
0,0,0,0,0,0,0,0,0,0,0,1
0,0,0,0,0,0,0,0,0,0,0,1
0,3,1,0,0,0,0,0,0,2,3,1
0,2,1,1,0,0,0,0,0,1,11,1
0,0,0,0,0,0,0,0,0,0,1,1
0,0,0,0,0,0,0,0,0,0,0,0
2,5,1,1,0,3,0,0,0,1,1,1
0,0,0,0,0,0,0,0,0,0,0,1
0,0,0,0,0,0,0,0,0,0,0,1
0,6,1,1,2,0,0,0,0,3,4,1
0,0,0,0,0,0,0,0,0,0,0,1
0,1,1,0,0,0,0,0,0,1,3,1
0,33,1,0,17,3,0,0,0,8,24,1
0,0,0,0,0,0,0,0,0,0,0,0
0,0,0,0,0,0,0,0,0,0,0,1
0,0,0,0,0,0,0,0,0,0,0,1
0,14,1,1,6,0,2,0,0,3,13,1
0,1,1,0,0,0,0,0,0,1,1,1
0,0,0,0,0,0,0,0,0,0,0,1
0,0,0,0,0,0,0,0,0,0,0,1
0,0,0,0,0,0,0,0,0,0,0,1
0,3,1,0,1,0,0,0,0,1,4,1
1,5,0,1,1,0,4,0,0,0,0,1
0,0,0,0,0,0,0,0,0,0,0,1
0,3,1,1,0,0,0,0,0,1,11,1
0,0,0,0,0,0,0,0,0,0,0,1
0,0,0,0,0,0,0,0,0,0,0,1
0,0,0,0,0,0,0,0,0,0,0,1
0,0,0,0,0,0,0,0,0,0,0,0
0,0,0,0,0,0,0,0,0,0,0,1
0,0,0,0,0,0,0,0,0,0,0,1
0,0,0,0,0,0,0,0,0,0,0,1
0,0,0,0,0,0,0,0,0,0,0,1
0,11,1,2,4,0,0,0,0,3,8,1
0,0,0,0,0,0,0,0,0,0,0,1
1,6,1,1,4,0,0,0,0,2,6,1
0,0,0,0,0,0,0,0,0,0,0,1
0,5,0,0,1,1,0,1,0,2,0,1
0,0,0,0,0,0,0,0,0,0,0,1
0,0,0,0,0,0,0,0,0,0,0,0
0,0,0,0,0,0,0,0,0,0,0,1
0,0,0,0,0,0,0,0,0,0,0,1
0,0,0,0,0,0,0,0,0,0,0,1
0,0,0,0,0,0,0,0,0,0,0,0
0,7,1,2,1,0,0,1,0,2,13,1
0,0,0,0,0,0,0,0,0,0,0,1
0,0,0,0,0,0,0,0,0,0,0,1
0,2,0,0,0,0,0,0,0,0,0,1
0,1,1,0,0,0,0,0,0,1,8,1
0,0,0,0,0,0,0,0,0,0,0,1
0,0,0,0,0,0,0,0,0,0,0,0
0,0,0,0,0,0,0,0,0,0,0,1
0,0,0,0,0,0,0,6,0,0,6,1
1,5,0,1,1,0,4,0,0,0,0,1
0,5,0,0,5,0,0,0,0,0,11,1
0,0,0,0,0,0,0,0,0,0,0,0
0,0,0,0,0,0,0,0,0,0,0,0
6,7,1,1,3,0,2,0,0,4,22,1
0,0,0,0,0,0,0,0,0,0,0,1
0,11,1,1,8,1,0,1,0,2,8,1
0,2,1,0,0,0,0,0,0,1,1,1
0,7,2,3,1,1,2,14,0,2,19,1
0,0,0,0,0,0,0,0,0,0,0,0
0,0,0,0,0,0,0,0,0,0,0,0
0,0,0,0,0,0,0,0,0,0,0,0
0,0,0,0,0,0,0,0,0,0,0,1
0,0,0,0,0,0,0,0,0,0,5,1
0,0,0,0,0,0,0,0,0,0,0,0
0,0,0,0,0,0,0,0,0,0,0,1
0,0,0,0,0,0,0,0,0,0,0,1
0,1,1,0,0,0,0,0,0,1,11,1
0,3,1,0,1,0,0,0,0,1,4,1
0,0,0,0,0,0,0,0,0,0,0,1
0,0,0,0,0,0,0,0,0,0,0,1
0,2,1,0,0,0,0,0,0,2,19,1
0,0,0,0,0,0,0,0,0,0,0,1
0,0,0,0,0,0,0,0,0,0,0,0
0,0,0,0,0,0,0,0,0,0,0,0
0,0,0,0,0,0,0,0,0,0,0,0
0,0,0,0,0,0,0,0,0,0,0,1
0,0,0,0,0,0,0,0,0,0,0,1
0,3,1,1,0,0,0,0,0,1,11,1
0,0,0,0,0,0,0,0,0,0,0,0
0,2,1,1,0,0,0,0,0,1,2,1
0,0,0,0,0,0,0,0,0,0,0,0
0,0,0,0,0,0,0,0,0,0,0,1
0,0,0,0,0,0,0,0,0,0,0,0
0,3,1,0,0,0,0,0,0,2,3,1
0,0,0,0,0,0,0,0,0,0,0,1
0,0,0,0,0,0,0,0,0,0,0,0
0,59,9,9,5,0,70,12,0,16,29,1
0,0,0,0,0,0,0,0,0,0,0,1
0,124,2,0,114,0,0,0,0,10,6,1
0,0,0,0,0,0,0,0,0,0,0,1
0,0,0,0,0,0,0,0,0,0,0,1
0,0,0,0,0,0,0,0,0,0,0,1
0,0,0,0,0,0,0,0,0,0,0,1
0,0,0,0,0,0,0,0,0,0,0,0
0,0,0,0,0,0,0,0,0,0,0,1
0,3,1,1,0,0,0,0,0,1,11,1
0,0,0,0,0,0,0,0,0,0,0,1
0,0,0,0,0,0,0,0,0,0,0,1
0,0,0,0,0,0,0,0,0,0,0,1
0,0,0,0,0,0,0,0,0,0,0,1
0,0,0,0,0,0,0,0,0,0,0,1
0,0,0,0,0,0,0,0,0,0,0,1
0,0,0,0,0,0,0,0,0,0,1,1
0,12,3,4,4,0,0,1,0,9,9,1
0,0,0,0,0,0,0,0,0,0,0,1
0,0,0,0,0,0,0,0,0,0,0,1
0,1,1,0,0,0,0,0,0,1,0,1
0,0,0,0,0,0,0,0,0,0,0,1
1,4,1,0,1,0,0,11,0,2,23,1
0,0,0,0,0,0,0,0,0,0,0,1
0,2,1,0,0,0,0,0,0,2,19,1
0,0,0,0,0,0,0,0,0,0,0,1
0,23,4,3,13,6,0,0,0,7,21,1
5,14,0,2,0,0,0,1,0,10,2,1
0,0,0,0,0,0,0,0,0,0,0,1
0,3,0,0,0,0,0,0,0,2,10,0
0,0,0,0,0,0,0,0,0,0,0,0
0,0,0,0,0,0,0,0,0,0,0,1
0,0,0,0,0,0,0,0,0,0,0,1
0,13,1,0,3,0,0,0,0,3,10,1
0,0,0,0,0,0,0,0,0,0,0,1
0,0,0,0,0,0,0,0,0,0,0,1
0,0,0,0,0,0,0,0,0,0,0,1
0,0,0,0,0,0,0,0,0,0,0,1
0,11,1,2,4,0,0,0,0,3,7,1
0,0,0,0,0,0,0,0,0,0,0,1
0,1,0,0,1,0,0,1,0,0,13,1
0,0,0,0,0,0,0,0,0,0,0,1
0,0,0,0,0,0,0,0,0,0,0,0
0,5,2,2,1,0,0,1,0,3,8,1
0,0,0,0,0,0,0,0,0,0,0,1
0,0,0,0,0,0,0,0,0,0,0,1
0,0,0,0,0,0,0,0,0,0,0,1
0,1,1,0,0,0,0,0,0,1,1,1
0,1,1,0,0,0,0,0,0,1,0,1
0,3,1,1,0,0,0,0,0,1,11,1
0,0,0,0,0,0,0,0,0,0,0,0
0,0,0,0,0,0,0,0,0,0,0,1
0,5,0,0,5,0,0,0,0,0,7,1
1,3,0,0,1,0,2,0,0,2,6,1
0,0,0,0,0,0,0,0,0,0,0,1
0,0,0,0,0,0,0,0,0,0,0,1
0,0,0,0,0,0,0,0,0,0,0,1
0,3,1,0,1,0,0,0,0,1,7,1
0,3,1,0,1,0,0,0,0,1,0,1
1,3,0,0,1,0,2,0,0,2,6,1
0,0,0,0,0,0,0,0,0,0,0,0
0,0,0,0,0,0,0,0,0,0,0,1
0,0,0,0,0,0,0,0,0,0,0,0
0,0,0,0,0,0,0,0,0,0,0,0
0,0,0,0,0,0,0,0,0,0,0,0
0,2,1,0,0,0,0,0,0,2,2,1
1,3,0,0,1,0,2,0,0,2,6,1
0,10,1,2,4,0,0,0,0,3,7,1
0,0,0,0,0,0,0,0,0,0,0,1
0,3,1,0,1,0,0,0,0,1,4,1
0,0,0,0,0,0,0,0,0,0,0,1
0,0,0,0,0,0,0,0,0,0,0,1
0,0,0,0,0,0,0,0,0,0,0,1
0,17,2,0,4,0,10,4,0,7,15,1
0,0,0,0,0,0,0,0,0,0,0,1
1,1,1,0,0,0,0,0,0,1,4,1
0,0,0,0,0,0,0,0,0,0,0,1
0,0,0,0,0,0,0,0,0,0,0,1
0,2,0,0,0,0,0,0,0,0,1,1
0,14,2,1,8,1,2,0,0,4,20,1
0,1,1,0,0,0,0,0,0,1,2,1
0,0,0,0,0,0,0,0,0,0,0,1
0,0,0,0,0,0,0,0,0,0,0,1
0,0,0,0,0,0,0,0,0,0,0,1
0,0,0,0,0,0,0,0,0,0,0,0
0,0,0,0,0,0,0,0,0,0,2,1
0,0,0,0,0,0,0,0,0,0,0,1
0,0,0,0,0,0,0,0,0,0,0,1
0,1,1,0,0,0,0,0,0,1,2,1
0,4,1,1,1,0,0,0,0,2,14,1
0,2,1,0,0,0,0,0,0,1,2,1
0,0,0,0,0,0,0,0,0,0,0,1
0,0,0,0,0,0,0,0,0,0,0,1
0,2,1,0,0,0,0,0,0,2,1,1
0,4,0,0,0,0,0,0,0,0,0,1
0,0,0,0,0,0,0,0,0,0,0,1
0,0,0,0,0,0,0,0,0,0,0,0
0,4,0,0,4,0,0,5,0,0,5,1
1,7,1,1,1,0,8,0,0,1,0,1
0,0,0,0,0,0,0,0,0,0,0,1
0,3,1,1,0,0,0,0,0,1,11,1
0,1,1,0,0,0,0,0,0,1,2,1
0,0,0,0,0,0,0,0,0,0,0,1
0,0,0,0,0,0,0,0,0,0,0,0
0,0,0,0,0,0,0,0,0,0,0,1
0,0,0,0,0,0,0,0,0,0,0,1
0,0,0,0,0,0,0,0,0,0,0,1
0,0,0,0,0,0,0,0,0,0,0,1
0,0,0,0,0,0,0,0,0,0,0,1
0,0,0,0,0,0,0,0,0,0,0,1
0,0,0,0,0,0,0,0,0,0,0,1
0,5,2,2,1,0,0,1,0,3,8,1
0,0,0,0,0,0,0,12,0,0,7,1
0,0,0,0,0,0,0,0,0,0,0,1
0,10,1,0,7,1,0,1,0,1,9,1
0,0,0,0,0,0,0,0,0,0,0,1
0,1,1,0,0,0,0,0,0,1,1,1
0,3,1,1,0,0,0,0,0,1,11,1
0,0,0,0,0,0,0,0,0,0,0,0
0,0,0,0,0,0,0,0,0,0,0,0
0,2,1,0,0,0,0,0,0,2,14,1
0,0,0,0,0,0,0,0,0,0,0,0
0,0,0,0,0,0,0,0,0,0,0,0
0,0,0,0,0,0,0,0,0,0,0,1
0,0,0,0,0,0,0,0,0,0,0,1
0,0,0,0,0,0,0,0,0,0,0,0
0,0,0,0,0,0,0,0,0,0,0,0
0,0,0,0,0,0,0,0,0,0,0,1
6,6,2,0,0,0,0,2,0,3,28,1
0,0,0,0,0,0,0,0,0,0,0,1
1,3,0,0,1,0,2,0,0,2,6,1
0,0,0,0,0,0,0,0,0,0,0,0
0,2,0,0,0,0,0,0,0,0,1,1
0,0,0,0,0,0,0,0,0,0,0,1
0,1,1,0,0,0,0,0,0,1,2,1
0,0,0,0,0,0,0,0,0,0,0,1
1,0,0,0,0,0,0,0,0,0,6,1
0,0,0,0,0,0,0,0,0,0,0,0
0,0,0,0,0,0,0,0,0,0,0,1
0,0,0,0,0,0,0,0,0,0,0,1
0,0,0,0,0,0,0,0,0,0,0,1
0,0,0,0,0,0,0,0,0,0,0,1
0,2,1,0,0,0,0,0,0,2,1,1
0,3,1,1,0,0,0,0,0,1,12,1
1,1,1,0,0,0,0,0,0,1,4,1
0,17,4,2,1,1,0,1,0,14,10,1
0,225,1,2,218,0,0,0,0,3,8,1
0,2,1,0,0,0,0,0,0,2,14,1
0,0,0,0,0,0,0,0,0,0,0,1
0,0,0,0,0,0,0,0,0,0,0,0
0,0,0,0,0,0,0,0,0,0,0,1
0,0,0,0,0,0,0,0,0,0,0,1
0,0,0,0,0,0,0,0,0,0,0,0
0,0,0,0,0,0,0,0,0,0,0,0
0,5,2,2,1,0,0,1,0,3,8,1
0,0,0,0,0,0,0,0,0,0,0,1
0,0,0,0,0,0,0,0,0,0,0,1
0,1,1,0,0,0,0,0,0,1,0,1
0,0,0,0,0,0,0,0,0,0,0,1
0,0,0,0,0,0,0,0,0,0,0,1
0,1,1,0,0,0,0,0,0,1,1,1
0,7,0,0,2,0,0,0,0,4,11,1
1,36,2,1,19,2,0,0,0,13,65,1
0,7,1,1,4,0,0,0,0,1,6,1
0,0,0,0,0,0,0,0,0,0,0,1
0,0,0,0,0,0,0,0,0,0,0,0
0,0,0,0,0,0,0,0,0,0,0,1
0,3,1,1,0,0,0,0,0,1,11,1
0,0,0,0,0,0,0,0,0,0,0,0
0,3,1,1,0,0,0,0,0,1,11,1
0,0,0,0,0,0,0,0,0,0,0,0
0,0,0,0,0,0,0,0,0,0,0,1
0,0,0,0,0,0,0,0,0,0,0,1
0,5,1,0,4,0,0,0,0,1,4,1
0,3,1,1,0,0,0,0,0,1,11,1
0,0,0,0,0,0,0,0,0,0,2,1
0,0,0,0,0,0,0,0,0,0,0,1
0,1,0,0,0,0,0,0,0,1,13,1
0,0,0,0,0,0,0,0,0,0,0,1
0,0,0,0,0,0,0,0,0,0,0,1
0,0,0,0,0,0,0,0,0,0,0,0
0,0,0,0,0,0,0,0,0,0,0,0
0,0,0,0,0,0,0,0,0,0,0,0
1,6,0,1,1,1,2,0,0,2,4,1
0,0,0,0,0,0,0,0,0,0,0,1
0,0,0,0,0,0,0,0,0,0,2,1
0,0,0,0,0,0,0,0,0,0,9,1
1,7,1,1,1,1,2,0,0,3,4,1
0,0,0,0,0,0,0,0,0,0,0,0
0,0,0,0,0,0,0,0,0,0,0,1
0,0,0,0,0,0,0,0,0,0,0,1
0,27,14,3,10,0,0,1,0,22,16,1
0,0,0,0,0,0,0,0,0,0,0,1
0,1,0,0,0,0,0,0,0,0,9,1
0,1,0,0,0,0,0,0,0,0,0,1
0,0,0,0,0,0,0,0,0,0,0,1
0,0,0,0,0,0,0,0,0,0,0,1
0,0,0,0,0,0,0,0,0,0,0,0
0,0,0,0,0,0,0,0,0,0,0,1
1,10,2,2,5,0,0,3,0,6,22,1
0,1,0,0,0,0,0,0,0,1,11,1
0,0,0,0,0,0,0,0,0,0,0,1
0,0,0,0,0,0,0,0,0,0,0,1
0,0,0,0,0,0,0,0,0,0,0,0
0,3,1,0,1,0,0,0,0,1,0,1
0,10,0,0,8,0,2,2,0,4,6,1
0,0,0,0,0,0,0,0,0,0,0,1
0,0,0,0,0,0,0,0,0,0,0,1
0,0,0,0,0,0,0,0,0,0,0,1
0,0,0,0,0,0,0,0,0,0,0,1
1,3,0,0,0,0,4,1,0,0,2,1
0,0,0,0,0,0,0,0,0,0,0,1
0,0,0,0,0,0,0,0,0,0,0,0
0,0,0,0,0,0,0,0,0,0,0,0
0,0,0,0,0,0,0,0,0,0,0,1
0,0,0,0,0,0,0,0,0,0,0,0
0,2,1,0,1,0,0,0,0,1,0,1
0,0,0,0,0,0,0,0,0,0,0,1
0,0,0,0,0,0,0,0,0,0,0,1
0,0,0,0,0,0,0,0,0,0,0,1
0,0,0,0,0,0,0,0,0,0,0,1
0,0,0,0,0,0,0,0,0,0,0,1
0,4,1,0,0,3,0,0,0,1,1,1
0,25,4,2,4,0,66,4,0,9,15,1
0,0,0,0,0,0,0,0,0,0,0,1
0,2,1,0,0,0,0,0,0,2,2,1
0,0,0,0,0,0,0,0,0,0,0,1
0,0,0,0,0,0,0,0,0,0,0,1
0,9,3,3,2,0,0,1,0,6,13,1
1,6,0,1,1,1,2,0,0,2,4,1
0,0,0,0,0,0,0,0,0,0,0,1
0,0,0,0,0,0,0,0,0,0,0,1
0,3,1,0,1,0,0,0,0,1,7,1
0,0,0,0,0,0,0,0,0,0,0,0
0,0,0,0,0,0,0,0,0,0,0,1
1,2,0,1,0,0,0,0,0,1,4,1
0,2,1,0,0,0,0,0,0,2,14,1
0,0,0,0,0,0,0,0,0,0,0,1
0,0,0,0,0,0,0,0,0,0,0,0
0,0,0,0,0,0,0,0,0,0,0,1
0,0,0,0,0,0,0,0,0,0,0,0
0,0,0,0,0,0,0,0,0,0,0,0
0,0,0,0,0,0,0,0,0,0,0,1
0,0,0,0,0,0,0,0,0,0,0,0
0,0,0,0,0,0,0,0,0,0,0,1
0,0,0,0,0,0,0,0,0,0,0,0
1,5,0,0,5,0,0,0,0,0,9,1
0,0,0,0,0,0,0,0,0,0,0,1
0,3,1,0,0,0,0,0,0,2,3,1
0,0,0,0,0,0,0,0,0,0,0,1
2,3,1,0,0,0,0,0,0,2,9,1
0,2,1,0,0,0,0,0,0,2,1,1
0,0,0,0,0,0,0,0,0,0,0,1
0,0,0,0,0,0,0,0,0,0,0,1
0,0,0,0,0,0,0,0,0,0,0,1
0,9,1,2,4,0,0,0,0,3,7,1
0,206,3,0,160,0,0,0,0,26,19,1
0,0,0,0,0,0,0,0,0,0,0,1
0,1,1,0,0,0,0,0,0,1,1,1
0,0,0,0,0,0,0,0,0,0,0,0
0,0,0,0,0,0,0,0,0,0,0,0
0,0,0,0,0,0,0,0,0,0,0,1
0,0,0,0,0,0,0,0,0,0,0,1
0,0,0,0,0,0,0,0,0,0,0,0
0,0,0,0,0,0,0,0,0,0,0,1
0,0,0,0,0,0,0,0,0,0,0,1
0,0,0,0,0,0,0,0,0,0,0,1
0,6,0,0,5,0,0,0,0,1,12,1
0,0,0,0,0,0,0,0,0,0,0,1
0,0,0,0,0,0,0,0,0,0,0,1
0,0,0,0,0,0,0,0,0,0,0,1
0,0,0,0,0,0,0,0,0,0,0,1
0,0,0,0,0,0,0,0,0,0,0,1
0,0,0,0,0,0,0,0,0,0,0,1
0,0,0,0,0,0,0,0,0,0,0,0
0,3,1,0,0,0,0,0,0,3,3,1
0,0,0,0,0,0,0,0,0,0,0,1
0,0,0,0,0,0,0,0,0,0,0,1
0,10,1,3,5,0,0,4,1,3,8,1
0,0,0,0,0,0,0,0,0,0,0,0
0,0,0,0,0,0,0,0,0,0,0,1
0,2,1,0,0,0,0,0,0,1,3,1
0,3,1,0,1,0,0,0,0,1,4,1
0,0,0,0,0,0,0,0,0,0,0,1
0,0,0,0,0,0,0,0,0,0,0,1
0,0,0,0,0,0,0,0,0,0,0,1
0,0,0,0,0,0,0,0,0,0,0,1
0,0,0,0,0,0,0,0,0,0,0,0
1,3,0,0,1,0,2,0,0,2,6,1
0,0,0,0,0,0,0,0,0,0,0,1
0,0,0,0,0,0,0,0,0,0,0,1
0,0,0,0,0,0,0,0,0,0,0,0
0,0,0,0,0,0,0,0,0,0,0,1
0,0,0,0,0,0,0,0,0,0,0,1
0,0,0,0,0,0,0,0,0,0,0,1
2,30,1,0,0,0,0,7,0,5,38,1
0,0,0,0,0,0,0,0,0,0,0,1
0,10,1,2,4,0,0,0,0,3,7,1
0,0,0,0,0,0,0,0,0,0,0,0
0,0,0,0,0,0,0,0,0,0,0,0
0,0,0,0,0,0,0,0,0,0,0,0
0,0,0,0,0,0,0,0,0,0,0,0
0,2,1,0,0,0,0,0,0,2,19,1
0,3,1,1,0,0,0,0,0,1,12,1
0,4,2,1,0,1,0,0,0,3,4,1
0,2,0,0,0,0,0,0,0,1,0,1
0,0,0,0,0,0,0,0,0,0,0,0
0,0,0,0,0,0,0,0,0,0,0,1
0,4,0,0,0,0,0,0,0,0,1,1
0,0,0,0,0,0,0,0,0,0,6,1
0,0,0,0,0,0,0,0,0,0,0,1
0,0,0,0,0,0,0,0,0,0,0,1
0,0,0,0,0,0,0,0,0,0,0,0
0,0,0,0,0,0,0,0,0,0,0,1
0,0,0,0,0,0,0,0,0,0,0,0
0,0,0,0,0,0,0,0,0,0,0,0
0,0,0,0,0,0,0,0,0,0,0,1
0,239,1,0,0,0,0,0,0,239,3,1
0,0,0,0,0,0,0,0,0,0,0,1
0,0,0,0,0,0,0,0,0,0,0,1
0,0,0,0,0,0,0,0,0,0,1,1
0,7,1,1,4,0,0,0,0,1,6,1
0,0,0,0,0,0,0,0,0,0,0,1
0,0,0,0,0,0,0,0,0,0,0,0
0,0,0,0,0,0,0,0,0,0,0,1
0,2,2,0,0,0,0,0,0,2,10,1
0,0,0,0,0,0,0,0,0,0,0,1
0,0,0,0,0,0,0,0,0,0,0,1
0,61,9,9,5,2,74,31,0,16,30,1
0,4,0,0,4,0,0,0,0,0,8,1
0,0,0,0,0,0,0,0,0,0,0,1
0,0,0,0,0,0,0,0,0,0,0,0
0,0,0,0,0,0,0,0,0,0,0,0
0,0,0,0,0,0,0,0,0,0,0,0
0,0,0,0,0,0,0,0,0,0,0,1
0,0,0,0,0,0,0,0,0,0,0,1
0,0,0,0,0,0,0,0,0,0,0,0
0,0,0,0,0,0,0,0,0,0,0,1
0,4,0,0,0,0,0,0,0,0,0,1
1,2,1,0,0,0,0,0,0,2,7,1
0,0,0,0,0,0,0,0,0,0,0,0
0,0,0,0,0,0,0,0,0,0,0,1
3,25,15,2,9,0,0,3,4,21,23,1
0,2,1,0,0,0,0,0,0,2,14,1
0,0,0,0,0,0,0,0,0,0,0,1
0,0,0,0,0,0,0,0,0,0,0,1
0,0,0,0,0,0,0,0,0,0,0,1
0,0,0,0,0,0,0,0,0,0,0,1
0,0,0,0,0,0,0,0,0,0,0,1
0,1,1,0,0,0,0,0,0,1,1,1
0,0,0,0,0,0,0,0,0,0,0,1
0,0,0,0,0,0,0,0,0,0,0,0
0,2,1,0,0,0,0,0,0,2,14,1
0,0,0,0,0,0,0,0,0,0,0,1
0,0,0,0,0,0,0,0,0,0,0,1
0,0,0,0,0,0,0,0,0,0,0,1
0,0,0,0,0,0,0,0,0,0,0,1
1,0,0,0,0,0,0,23,0,0,7,1
0,0,0,0,0,0,0,0,0,0,0,0
0,30,1,0,17,0,0,0,0,8,24,1
0,0,0,0,0,0,0,0,0,0,0,1
0,0,0,0,0,0,0,0,0,0,0,1
0,0,0,0,0,0,0,0,0,0,0,0
0,0,0,0,0,0,0,0,0,0,0,1
0,3,1,1,0,0,0,0,0,1,11,1
0,7,1,0,6,0,0,7,0,1,32,1
1,1,0,0,0,0,0,0,0,1,7,1
0,5,0,0,1,0,4,0,0,0,0,1
0,27,0,0,0,0,0,12,0,2,27,1
0,0,0,0,0,0,0,0,0,0,0,1
0,1,1,0,0,0,0,0,0,1,1,1
0,1,0,0,0,0,0,0,0,1,6,1
2,5,1,1,0,3,0,0,0,1,1,1
0,0,0,0,0,0,0,0,0,0,0,1
0,0,0,0,0,0,0,0,0,0,0,1
0,0,0,0,0,0,0,0,0,0,0,1
0,0,0,0,0,0,0,0,0,0,0,1
0,1,1,0,0,0,0,0,0,1,1,1
0,3,1,1,0,0,0,0,0,1,11,1
0,0,0,0,0,0,0,0,0,0,0,1
0,19,4,2,1,1,0,1,0,14,15,1
0,5,0,1,3,2,0,0,0,0,7,1
0,1,1,0,0,0,0,0,0,1,0,1
0,24,14,3,7,0,0,1,0,20,15,1
0,0,0,0,0,0,0,0,0,0,0,1
0,3,1,0,1,0,0,0,0,1,4,1
0,3,1,1,0,0,0,0,0,1,12,1
0,2,1,0,0,0,0,0,0,2,1,1
1,1,1,0,0,0,0,0,0,1,2,1
0,0,0,0,0,0,0,0,0,0,0,1
2,3,1,0,0,0,0,0,0,2,9,1
0,0,0,0,0,0,0,0,0,0,0,1
0,0,0,0,0,0,0,0,0,0,0,1
0,0,0,0,0,0,0,0,0,0,0,0
0,37,1,0,0,0,2,2,0,1,6,1
0,7,1,1,4,0,0,0,0,1,6,1
0,0,0,0,0,0,0,0,0,0,0,0
0,0,0,0,0,0,0,0,0,0,0,1
0,0,0,0,0,0,0,0,0,0,0,1
0,0,0,0,0,0,0,0,0,0,0,1
0,0,0,0,0,0,0,0,0,0,0,0
0,0,0,0,0,0,0,0,0,0,0,0
0,0,0,0,0,0,0,0,0,0,0,1
0,0,0,0,0,0,0,0,0,0,0,1
0,0,0,0,0,0,0,0,0,0,0,1
0,0,0,0,0,0,0,0,0,0,0,0
0,0,0,0,0,0,0,0,0,0,0,1
0,0,0,0,0,0,0,0,0,0,0,0
0,0,0,0,0,0,0,0,0,0,0,1
1,1,1,0,0,0,0,0,0,1,2,1
0,9,2,1,5,0,0,1,0,3,9,1
0,0,0,0,0,0,0,0,0,0,0,1
0,0,0,0,0,0,0,0,0,0,0,1
0,2,1,0,0,0,0,0,0,1,1,1
0,0,0,0,0,0,0,0,0,0,0,0
0,3,1,1,0,0,0,0,0,2,4,1
0,0,0,0,0,0,0,0,0,0,0,1
0,1,1,0,0,0,0,0,0,1,4,1
0,10,2,0,5,0,0,0,0,2,16,1
0,0,0,0,0,0,0,0,0,0,0,0
0,0,0,0,0,0,0,0,0,0,0,1
0,0,0,0,0,0,0,0,0,0,1,1
0,0,0,0,0,0,0,0,1,0,0,1
0,0,0,0,0,0,0,0,0,0,0,1
0,0,0,0,0,0,0,0,0,0,0,1
0,0,0,0,0,0,0,0,0,0,0,1
0,0,0,0,0,0,0,0,0,0,0,0
0,0,0,0,0,0,0,0,0,0,0,1
0,0,0,0,0,0,0,0,0,0,0,0
0,1,1,0,0,0,0,0,0,1,2,1
0,3,1,1,0,0,0,0,0,1,11,1
1,54,1,19,1,1,2,15,0,35,19,1
0,9,1,2,4,0,0,0,0,3,7,1
1,27,12,2,7,1,0,0,0,24,29,1
0,0,0,0,0,0,0,0,0,0,0,1
0,0,0,0,0,0,0,0,0,0,0,0
0,0,0,0,0,0,0,0,0,0,0,1
0,0,0,0,0,0,0,0,0,0,0,1
0,11,1,2,4,0,0,0,0,3,8,1
0,0,0,0,0,0,0,0,0,0,0,1
0,19,1,0,8,0,0,0,0,7,18,1
0,0,0,0,0,0,0,0,0,0,0,1
0,0,0,0,0,0,0,0,0,0,0,0
0,1,0,0,0,0,0,0,0,1,4,1
0,0,0,0,0,0,0,0,0,0,1,1
0,0,0,0,0,0,0,0,0,0,0,1
0,53,14,2,20,3,0,1,0,27,24,1
0,3,1,0,0,0,0,0,0,3,3,1
0,0,0,0,0,0,0,0,0,0,0,1
0,0,0,0,0,0,0,0,0,0,0,1
0,0,0,0,0,0,0,0,0,0,0,1
0,0,0,0,0,0,0,0,0,0,0,0
0,0,0,0,0,0,0,0,0,0,0,1
0,0,0,0,0,0,0,0,0,0,0,1
0,5,1,1,2,1,2,7,0,1,19,1
0,0,0,0,0,0,0,0,0,0,0,1
0,0,0,0,0,0,0,0,0,0,0,1
0,0,0,0,0,0,0,0,0,0,0,1
0,0,0,0,0,0,0,0,0,0,0,1
0,0,0,0,0,0,0,0,0,0,0,1
0,0,0,0,0,0,0,0,0,0,0,1
0,0,0,0,0,0,0,0,0,0,0,1
0,0,0,0,0,0,0,0,0,0,0,1
0,0,0,0,0,0,0,0,0,0,0,1
0,0,0,0,0,0,0,0,0,0,0,0
0,0,0,0,0,0,0,0,0,0,0,0
0,0,0,0,0,0,0,0,0,0,0,0
0,0,0,0,0,0,0,0,0,0,0,1
0,0,0,0,0,0,0,0,0,0,0,1
0,15,1,0,4,0,2,0,0,10,17,1
0,0,0,0,0,0,0,0,0,0,0,0
0,0,0,0,0,0,0,0,0,0,2,1
0,0,0,0,0,0,0,0,0,0,0,0
0,0,0,0,0,0,0,0,0,0,0,0
0,0,0,0,0,0,0,0,0,0,0,0
0,3,1,1,0,0,0,0,0,1,11,1
0,8,1,0,2,0,0,0,0,4,7,1
0,9,1,2,5,0,0,3,1,3,8,1
0,0,0,0,0,0,0,0,0,0,0,1
0,2,1,1,0,0,0,0,0,1,11,1
0,0,0,0,0,0,0,0,0,0,0,1
0,0,0,0,0,0,0,0,0,0,0,1
0,0,0,0,0,0,0,0,0,0,0,1
0,0,0,0,0,0,0,0,0,0,0,0
0,0,0,0,0,0,0,0,0,0,0,0
0,0,0,0,0,0,0,0,0,0,0,0
0,0,0,0,0,0,0,0,0,0,0,1
0,0,0,0,0,0,0,0,0,0,0,0
0,0,0,0,0,0,0,0,0,0,0,1
0,3,1,1,0,0,0,0,0,1,11,1
0,15,0,1,9,1,0,0,0,2,16,1
0,0,0,0,0,0,0,0,0,0,0,1
0,0,0,0,0,0,0,0,0,0,0,1
0,22,1,0,8,3,0,0,0,7,16,1
0,0,0,0,0,0,0,0,0,0,0,1
0,0,0,0,0,0,0,0,0,0,0,0
0,0,0,0,0,0,0,0,0,0,0,1
0,1,1,0,0,0,0,0,0,1,1,1
0,15,2,0,8,1,0,1,0,2,21,1
0,8,1,0,6,0,0,0,0,1,6,1
0,0,0,0,0,0,0,0,0,0,0,1
0,2,1,0,0,0,0,0,0,1,2,1
0,3,1,0,1,0,0,0,0,1,0,1
0,0,0,0,0,0,0,0,0,0,0,1
0,2,1,0,0,0,0,0,0,1,2,1
0,0,0,0,0,0,0,0,0,0,0,1
0,0,0,0,0,0,0,0,0,0,0,1
0,0,0,0,0,0,0,0,0,0,0,1
0,0,0,0,0,0,0,0,0,0,0,1
2,13,10,2,0,1,2,2,0,11,8,1
0,0,0,0,0,0,0,0,0,0,0,1
0,3,1,1,0,0,0,0,0,1,11,1
0,0,0,0,0,0,0,0,0,0,0,1
0,16,1,0,7,0,0,0,0,5,17,1
0,0,0,0,0,0,0,0,0,0,0,1
0,0,0,0,0,0,0,0,0,0,1,1
5,11,0,2,0,0,0,1,0,9,1,1
0,0,0,0,0,0,0,0,0,0,0,1
0,0,0,0,0,0,0,0,0,0,0,1
0,3,1,1,0,0,0,0,0,1,11,1
0,0,0,0,0,0,0,0,0,0,0,0
0,2,0,0,0,0,0,0,0,1,13,1
0,0,0,0,0,0,0,0,0,0,0,0
2,5,1,1,0,3,0,0,0,1,1,1
0,1,1,0,0,0,0,0,0,1,0,1
0,0,0,0,0,0,0,0,0,0,0,0
0,3,1,0,1,0,0,0,0,1,0,1
0,8,1,2,4,0,0,0,0,2,6,1
0,0,0,0,0,0,0,0,0,0,0,1
0,0,0,0,0,0,0,0,0,0,0,1
0,0,0,0,0,0,0,0,0,0,0,0
0,0,0,0,0,0,0,0,0,0,0,1
0,0,0,0,0,0,0,0,0,0,0,1
0,0,0,0,0,0,0,0,0,0,0,1
0,0,0,0,0,0,0,0,0,0,0,1
1,3,0,0,0,0,4,1,0,0,2,1
0,0,0,0,0,0,0,0,0,0,0,1
0,0,0,0,0,0,0,0,0,0,0,1
0,0,0,0,0,0,0,0,0,0,0,1
0,4,1,0,0,0,2,0,0,2,2,1
0,1,1,0,0,0,0,1,0,1,15,1
1,6,0,1,1,1,2,0,0,2,4,1
0,0,0,0,0,0,0,0,0,0,0,1
0,4,2,1,0,1,0,0,0,3,4,1
0,0,0,0,0,0,0,0,0,0,0,1
0,0,0,0,0,0,0,0,0,0,0,0
0,0,0,0,0,0,0,0,0,0,0,1
0,0,0,0,0,0,0,0,0,0,0,1
0,0,0,0,0,0,0,0,0,0,0,1
0,0,0,0,0,0,0,0,0,0,0,1
0,0,0,0,0,0,0,0,0,0,0,1
0,9,1,2,4,0,0,0,0,3,7,1
0,0,0,0,0,0,0,0,0,0,0,0
0,0,0,0,0,0,0,0,0,0,0,1
0,0,0,0,0,0,0,0,0,0,0,1
0,0,0,0,0,0,0,0,0,0,0,0
0,0,0,0,0,0,0,0,0,0,0,0
0,0,0,0,0,0,0,0,0,0,0,1
0,13,2,4,6,0,0,4,1,6,8,1
0,0,0,0,0,0,0,0,0,0,0,1
0,1,1,0,0,0,0,0,0,1,1,1
0,0,0,0,0,0,0,0,0,0,0,0
0,0,0,0,0,0,0,0,0,0,0,1
0,2,1,0,0,0,0,0,0,1,2,1
0,10,1,2,4,0,0,0,0,3,7,1
1,5,3,3,4,0,0,0,0,0,2,1
0,0,0,0,0,0,0,0,0,0,0,1
0,9,0,0,3,0,0,0,0,6,36,1
0,0,0,0,0,0,0,0,0,0,0,1
0,0,0,0,0,0,0,0,0,0,0,0
0,0,0,0,0,0,0,0,0,0,0,1
0,0,0,0,0,0,0,0,0,0,0,1
0,0,0,0,0,0,0,0,0,0,0,1
0,0,0,0,0,0,0,0,0,0,0,1
0,6,2,0,2,0,0,0,0,5,16,1
0,20,0,0,0,1,0,0,0,2,17,1
0,0,0,0,0,0,0,0,0,0,0,1
0,2,0,0,0,0,0,0,0,0,0,1
0,0,0,0,0,0,0,0,0,0,0,1
0,0,0,0,0,0,0,0,0,0,0,1
0,0,0,0,0,0,0,0,0,0,0,1
0,3,1,1,0,0,0,0,0,1,11,1
0,0,0,0,0,0,0,0,0,0,0,1
0,0,0,0,0,0,0,0,0,0,0,1
0,0,0,0,0,0,0,0,0,0,0,1
0,0,0,0,0,0,0,0,0,0,0,1
0,0,0,0,0,0,0,0,0,0,0,1
0,0,0,0,0,0,0,0,0,0,0,0
0,0,0,0,0,0,0,0,0,0,0,1
0,0,0,0,0,0,0,0,0,0,0,1
0,0,0,0,0,0,0,0,0,0,0,1
0,3,0,0,1,0,0,0,0,1,4,1
0,0,0,0,0,0,0,0,0,0,0,1
0,0,0,0,0,0,0,0,0,0,0,1
0,14,1,0,4,0,0,0,0,9,17,1
0,0,0,0,0,0,0,0,0,0,0,1
0,0,0,0,0,0,0,0,0,0,0,1
0,0,0,0,0,0,0,0,0,0,0,1
0,0,0,0,0,0,0,0,0,0,0,0
0,3,0,0,1,0,0,0,0,2,8,1
0,0,0,0,0,0,0,0,0,0,0,0
0,0,0,0,0,0,0,0,0,0,0,1
0,0,0,0,0,0,0,0,0,0,0,1
0,0,0,0,0,0,0,0,0,0,0,1
0,1,0,0,0,0,0,0,0,1,2,1
0,1,1,0,0,0,0,0,0,1,1,1
0,0,0,0,0,0,0,0,0,0,0,1
0,0,0,0,0,0,0,0,0,0,0,1
0,6,2,1,0,0,0,1,0,4,31,1
0,0,0,0,0,0,0,0,0,0,0,1
0,1,1,0,0,0,0,0,0,1,2,1
0,10,1,2,4,0,0,0,0,3,7,1
0,0,0,0,0,0,0,0,0,0,0,0
0,4,2,0,0,0,0,1,0,3,10,1
0,0,0,0,0,0,0,0,0,0,0,1
0,0,0,0,0,0,0,0,0,0,0,1
0,11,1,2,4,0,0,0,0,3,8,1
0,0,0,0,0,0,0,0,0,0,0,1
0,1,1,0,0,0,0,0,0,1,1,1
0,0,0,0,0,0,0,0,0,0,0,1
0,0,0,0,0,0,0,0,0,0,0,1
0,0,0,0,0,0,0,0,0,0,0,1
2,14,7,2,1,2,2,1,0,9,20,1
0,0,0,0,0,0,0,0,0,0,2,1
0,0,0,0,0,0,0,0,0,0,0,0
0,0,0,0,0,0,0,0,0,0,0,0
0,0,0,0,0,0,0,0,0,0,0,1
0,0,0,0,0,0,0,0,0,0,0,1
0,0,0,0,0,0,0,0,0,0,0,1
0,0,0,0,0,0,0,0,0,0,1,1
0,0,0,0,0,0,0,0,0,0,0,1
0,0,0,0,0,0,0,0,0,0,0,1
0,0,0,0,0,0,0,0,0,0,0,1
0,0,0,0,0,0,0,0,0,0,0,1
0,0,0,0,0,0,0,0,0,0,0,1
0,0,0,0,0,0,0,0,0,0,0,0
0,0,0,0,0,0,0,0,0,0,0,0
0,1,0,0,0,0,0,0,0,1,14,1
0,3,1,1,0,0,0,0,0,1,11,1
0,0,0,0,0,0,0,0,0,0,0,1
0,1,0,0,0,0,0,0,0,1,15,1
1,3,1,1,0,0,0,0,0,1,3,1
0,0,0,0,0,0,0,0,0,0,0,1
0,0,0,0,0,0,0,0,0,0,0,1
0,3,1,1,0,0,0,0,0,1,11,1
0,0,0,0,0,0,0,0,0,0,0,1
1,1,1,0,0,0,0,0,0,1,3,1
0,0,0,0,0,0,0,0,0,0,0,0
0,3,1,1,0,0,0,0,0,1,11,1
0,0,0,0,0,0,0,0,0,0,0,0
0,0,0,0,0,0,0,0,0,0,0,0
0,0,0,0,0,0,0,0,0,0,0,1
0,0,0,0,0,0,0,0,0,0,0,1
0,1,1,0,0,0,0,0,0,1,0,1
0,1,1,0,0,0,0,0,0,1,3,1
0,0,0,0,0,0,0,0,0,0,0,1
0,0,0,0,0,0,0,0,0,0,0,1
0,7,1,1,4,0,0,0,0,1,6,1
0,3,1,0,0,0,0,0,0,3,1,1
0,0,0,0,0,0,0,0,0,0,0,1
0,12,0,0,3,7,2,1,3,1,8,1
0,11,1,1,6,0,0,0,0,3,3,1
1,7,5,2,0,1,2,0,0,5,0,1
0,0,0,0,0,0,0,0,0,0,0,1
0,0,0,0,0,0,0,0,0,0,0,1
0,0,0,0,0,0,0,0,0,0,0,0
0,0,0,0,0,0,0,0,0,0,0,1
0,0,0,0,0,0,0,0,0,0,0,1
0,0,0,0,0,0,0,0,0,0,0,0
0,0,0,0,0,0,0,0,0,0,0,1
0,0,0,0,0,0,0,0,0,0,0,1
0,0,0,0,0,0,0,0,0,0,0,1
0,1,1,0,0,0,0,0,0,1,0,1
0,0,0,0,0,0,0,0,0,0,0,1
0,1,0,0,0,0,0,0,0,1,5,1
0,0,0,0,0,0,0,0,0,0,0,1
1,3,1,0,0,0,0,15,0,3,37,1
0,1,0,0,0,0,0,0,0,1,17,1
0,0,0,0,0,0,0,0,0,0,0,1
0,0,0,0,0,0,0,0,0,0,0,1
0,1,1,0,0,0,0,0,0,1,0,1
0,3,1,0,0,0,0,0,0,3,3,1
0,239,1,0,0,0,0,0,0,239,3,1
1,55,1,20,1,1,2,15,0,36,19,1
0,3,1,1,0,0,0,0,0,1,11,1
0,78,1,2,71,0,0,0,0,3,8,1
0,0,0,0,0,0,0,0,0,0,0,1
0,0,0,0,0,0,0,0,0,0,0,1
0,0,0,0,0,0,0,0,0,0,0,1
0,1,1,0,0,0,0,0,0,1,1,1
0,0,0,0,0,0,0,0,0,0,0,0
0,0,0,0,0,0,0,0,0,0,0,1
0,3,1,1,0,0,0,0,0,1,11,1
0,1,1,0,0,0,0,0,0,1,1,1
0,1,1,0,0,0,0,0,0,1,22,1
0,0,0,0,0,0,0,0,0,0,0,0
0,0,0,0,0,0,0,0,0,0,0,1
0,0,0,0,0,0,0,0,0,0,0,1
0,0,0,0,0,0,0,0,0,0,0,0
0,0,0,0,0,0,0,0,0,0,0,1
1,1,1,0,0,0,0,0,0,1,2,1
0,100,2,1,87,0,0,0,0,79,20,1
0,0,0,0,0,0,0,0,0,0,0,1
0,6,0,0,4,0,0,0,0,1,6,1
0,0,0,0,0,0,0,0,0,0,0,1
0,3,1,1,0,0,0,0,0,1,11,1
0,0,0,0,0,0,0,0,0,0,0,0
0,0,0,0,0,0,0,0,0,0,0,1
0,45,14,2,15,0,0,1,0,28,22,1
0,0,0,0,0,0,0,0,0,0,0,1
0,0,0,0,0,0,0,0,0,0,0,1
0,1,1,0,0,0,0,0,0,1,1,1
0,0,0,0,0,0,0,0,0,0,0,1
0,0,0,0,0,0,0,0,0,0,0,1
0,0,0,0,0,0,0,0,0,0,0,1
0,0,0,0,0,0,0,0,0,0,0,1
0,2,0,0,0,0,2,0,0,0,0,1
0,0,0,0,0,0,0,0,0,0,0,1
0,0,0,0,0,0,0,0,0,0,0,1
0,1,1,0,0,0,0,0,0,1,1,1
0,0,0,0,0,0,0,0,0,0,0,1
0,3,1,0,0,0,0,0,0,3,3,1
0,0,0,0,0,0,0,0,0,0,0,1
0,27,1,0,0,0,0,1,0,2,15,1
0,3,1,1,0,0,0,0,0,1,11,1
0,0,0,0,0,0,0,0,0,0,0,1
0,0,0,0,0,0,0,0,0,0,0,1
0,0,0,0,0,0,0,0,0,0,0,1
0,0,0,0,0,0,0,0,0,0,0,1
0,1,1,0,0,0,0,0,0,1,1,1
0,3,1,0,0,0,0,0,0,2,3,1
8,31,2,3,20,0,0,25,7,13,47,1
0,5,0,0,0,1,0,0,0,2,16,1
0,0,0,0,0,0,0,0,0,0,0,0
0,0,0,0,0,0,0,0,0,0,0,1
0,0,0,0,0,0,0,0,0,0,0,0
0,0,0,0,0,0,0,0,0,0,0,1
0,0,0,0,0,0,0,0,0,0,0,1
0,0,0,0,0,0,0,0,0,0,1,1
0,0,0,0,0,0,0,0,0,0,0,1
0,16,1,0,7,0,0,0,0,5,15,1
0,0,0,0,0,0,0,0,0,0,0,0
0,0,0,0,0,0,0,0,0,0,0,0
0,0,0,0,0,0,0,0,0,0,0,1
0,0,0,0,0,0,0,0,0,0,0,1
0,0,0,0,0,0,0,0,0,0,0,1
0,2,1,0,0,0,0,0,0,2,14,1
0,0,0,0,0,0,0,0,0,0,0,1
0,3,1,0,1,0,0,0,0,1,4,1
0,0,0,0,0,0,0,0,0,0,5,1
0,0,0,0,0,0,0,0,0,0,0,1
0,0,0,0,0,0,0,0,0,0,0,1
0,0,0,0,0,0,0,0,0,0,0,1
0,0,0,0,0,0,0,0,0,0,0,0
0,0,0,0,0,0,0,0,0,0,0,1
0,1,1,0,0,0,0,0,0,1,3,1
0,10,1,2,4,0,0,0,0,3,7,1
0,0,0,0,0,0,0,0,0,0,0,1
0,0,0,0,0,0,0,0,0,0,0,1
0,0,0,0,0,0,0,0,0,0,0,1
0,8,0,0,6,1,0,0,0,0,7,1
0,0,0,0,0,0,0,0,0,0,0,0
2,1,1,0,0,0,0,0,0,1,0,1
0,0,0,0,0,0,0,0,0,0,0,0
0,0,0,0,0,0,0,0,0,0,0,1
0,9,1,2,4,0,0,0,0,3,7,1
0,0,0,0,0,0,0,0,0,0,0,1
0,0,0,0,0,0,0,0,0,0,0,1
0,0,0,0,0,0,0,0,0,0,0,0
0,0,0,0,0,0,0,0,0,0,1,1
0,0,0,0,0,0,0,0,0,0,0,1
0,1,1,0,0,0,0,0,0,1,0,1
0,2,1,0,0,0,0,0,0,2,14,1
0,0,0,0,0,0,0,0,0,0,0,1
1,12,10,2,0,1,2,0,0,10,0,1
0,0,0,0,0,0,0,0,0,0,0,1
0,10,1,2,4,0,0,0,0,3,7,1
0,0,0,0,0,0,0,0,0,0,0,0
0,1,0,0,0,0,0,0,0,1,5,1
0,0,0,0,0,0,0,0,0,0,0,1
0,0,0,0,0,0,0,0,0,0,0,1
0,0,0,0,0,0,0,0,0,0,0,1
0,0,0,0,0,0,0,0,0,0,0,1
1,6,0,1,1,1,2,0,0,2,4,1
0,0,0,0,0,0,0,0,0,0,0,1
2,19,1,1,2,1,0,15,0,2,25,1
0,0,0,0,0,0,0,0,0,0,0,1
0,0,0,0,0,0,0,0,0,0,0,1
0,1,1,0,0,0,0,0,0,1,1,1
0,0,0,0,0,0,0,0,0,0,0,1
0,0,0,0,0,0,0,0,0,0,0,1
0,4,3,0,1,0,0,1,0,4,10,1
0,0,0,0,0,0,0,0,0,0,0,1
0,0,0,0,0,0,0,0,0,0,0,1
0,0,0,0,0,0,0,0,0,0,0,1
0,0,0,0,0,0,0,0,0,0,0,1
0,0,0,0,0,0,0,0,0,0,0,1
0,7,2,3,1,1,2,8,0,2,18,1
1,41,5,7,12,3,0,3,1,22,22,1
0,519,3,0,474,0,0,0,0,26,19,1
0,1,1,0,0,0,0,0,0,1,3,1
0,0,0,0,0,0,0,0,0,0,0,1
0,0,0,0,0,0,0,0,0,0,0,1
0,0,0,0,0,0,0,0,0,0,0,1
0,0,0,0,0,0,0,0,0,0,0,1
0,0,0,0,0,0,0,0,0,0,0,1
0,0,0,0,0,0,0,0,0,0,0,1
0,0,0,0,0,0,0,0,0,0,3,1
0,0,0,0,0,0,0,0,0,0,0,1
0,0,0,0,0,0,0,0,0,0,0,1
0,1,0,0,0,0,0,0,0,0,5,1
0,0,0,0,0,0,0,0,0,0,0,1
0,1,1,0,0,0,0,0,0,1,1,1
0,2,1,0,0,0,0,0,0,2,9,1
0,0,0,0,0,0,0,0,0,0,0,1
0,0,0,0,0,0,0,0,0,0,0,1
0,1,1,0,0,0,0,0,0,1,0,1
0,0,0,0,0,0,0,0,0,0,0,1
0,5,2,0,1,0,0,1,0,3,6,1
0,0,0,0,0,0,0,0,0,0,0,1
0,1,1,0,0,0,0,0,0,1,1,1
0,0,0,0,0,0,0,0,0,0,0,1
0,1,1,0,0,0,0,0,0,1,1,1
0,0,0,0,0,0,0,0,0,0,0,1
0,0,0,0,0,0,0,0,0,0,0,1
0,0,0,0,0,0,0,0,0,0,0,1
0,3,1,1,0,0,0,0,0,1,11,1
0,0,0,0,0,0,0,0,0,0,0,0
0,0,0,0,0,0,0,0,0,0,0,1
0,0,0,0,0,0,0,0,0,0,0,0
0,0,0,0,0,0,0,0,0,0,0,1
1,6,0,1,1,1,2,0,0,2,4,1
0,0,0,0,0,0,0,0,0,0,0,1
0,13,1,0,3,0,0,0,0,3,9,1
0,0,0,0,0,0,0,0,0,0,0,1
0,0,0,0,0,0,0,0,0,0,0,1
0,0,0,0,0,0,0,0,0,0,0,1
0,0,0,0,0,0,0,0,0,0,0,1
0,0,0,0,0,0,0,0,0,0,0,0
0,0,0,0,0,0,0,0,0,0,0,1
0,0,0,0,0,0,0,0,0,0,0,1
0,1,1,0,0,0,0,0,0,1,0,1
0,0,0,0,0,0,0,0,0,0,0,0
0,0,0,0,0,0,0,0,0,0,0,0
0,0,0,0,0,0,0,0,0,0,0,1
1,1,1,0,0,0,0,0,0,1,2,1
0,0,0,0,0,0,0,0,0,0,0,1
0,0,0,0,0,0,0,0,0,0,0,0
0,0,0,0,0,0,0,0,0,0,0,1
0,0,0,0,0,0,0,0,0,0,0,0
0,3,1,1,0,0,0,0,0,1,11,1
0,4,1,0,0,3,0,0,0,1,1,1
0,0,0,0,0,0,0,0,0,0,0,1
0,0,0,0,0,0,0,0,0,0,0,1
0,60,9,9,5,1,72,31,0,16,29,1
0,0,0,0,0,0,0,0,0,0,0,0
0,0,0,0,0,0,0,0,0,0,0,0
0,0,0,0,0,0,0,0,0,0,0,1
0,1,1,0,0,0,0,0,0,1,1,1
0,0,0,0,0,0,0,0,0,0,0,1
0,97,1,0,85,0,0,0,0,79,19,1
0,0,0,0,0,0,0,0,0,0,0,1
0,0,0,0,0,0,0,0,0,0,0,1
0,0,0,0,0,0,0,0,0,0,0,1
0,4,0,0,4,0,0,0,0,0,5,1
0,0,0,0,0,0,0,0,0,0,0,1
0,5,0,1,3,2,0,0,0,0,7,1
0,0,0,0,0,0,0,0,0,0,0,1
0,0,0,0,0,0,0,0,0,0,0,1
0,0,0,0,0,0,0,0,0,0,0,1
0,0,0,0,0,0,0,0,0,0,0,1
0,0,0,0,0,0,0,0,0,0,0,1
0,0,0,0,0,0,0,0,0,0,0,1
0,0,0,0,0,0,0,0,0,0,0,1
0,0,0,0,0,0,0,0,0,0,0,0
0,0,0,0,0,0,0,0,0,0,0,1
1,3,0,0,1,0,2,0,0,2,6,1
0,0,0,0,0,0,0,0,0,0,0,1
0,8,0,2,4,0,0,1,0,7,4,1
0,0,0,0,0,0,0,0,0,0,0,1
0,3,1,1,0,1,2,0,0,1,6,1
0,0,0,0,0,0,0,0,0,0,0,1
0,0,0,0,0,0,0,0,0,0,0,1
0,0,0,0,0,0,0,0,0,0,0,1
0,0,0,0,0,0,0,0,0,0,0,0
0,6,2,4,4,0,0,1,0,3,9,1
0,0,0,0,0,0,0,0,0,0,0,1
0,0,0,0,0,0,0,0,0,0,0,0
0,0,0,0,0,0,0,0,0,0,0,1
0,0,0,0,0,0,0,0,0,0,0,1
0,0,0,0,0,0,0,0,0,0,0,1
0,5,5,0,0,0,0,0,0,5,0,1
0,0,0,0,0,0,0,0,0,0,0,1
0,0,0,0,0,0,0,0,0,0,0,1
0,27,1,0,0,0,0,1,0,2,15,1
0,0,0,0,0,0,0,0,0,0,0,1
0,0,0,0,0,0,0,0,0,0,0,1
0,0,0,0,0,0,0,0,0,0,0,0
0,0,0,0,0,0,0,0,0,0,0,1
0,1,1,0,0,0,0,0,0,1,1,1
0,0,0,0,0,0,0,0,0,0,13,1
0,0,0,0,0,0,0,0,0,0,0,0
0,1,1,0,0,0,0,0,0,1,0,1
0,3,1,1,0,0,0,0,0,1,11,1
0,0,0,0,0,0,0,0,0,0,0,1
0,0,0,0,0,0,0,0,0,0,0,1
0,17,12,3,1,1,2,26,0,12,19,1
0,3,1,1,0,0,0,0,0,1,11,1
0,0,0,0,0,0,0,0,0,0,0,1
0,0,0,0,0,0,0,0,0,0,0,1
0,0,0,0,0,0,0,0,0,0,0,1
1,32,24,24,27,0,0,0,0,26,4,1
0,0,0,0,0,0,0,0,0,0,0,1
0,0,0,0,0,0,0,0,0,0,0,1
0,0,0,0,0,0,0,0,0,0,0,0
0,0,0,0,0,0,0,0,0,0,0,1
0,0,0,0,0,0,0,0,0,0,0,1
0,0,0,0,0,0,0,0,0,0,0,0
0,1,1,0,0,0,0,0,0,1,2,1
0,0,0,0,0,0,0,0,0,0,0,1
0,4,2,0,0,0,0,0,0,1,13,1
0,0,0,0,0,0,0,0,0,0,0,1
0,0,0,0,0,0,0,0,0,0,0,1
0,0,0,0,0,0,0,0,0,0,0,0
0,0,0,0,0,0,0,0,0,0,0,0
0,0,0,0,0,0,0,0,0,0,0,0
0,0,0,0,0,0,0,0,0,0,0,1
0,0,0,0,0,0,0,0,0,0,0,1
0,0,0,0,0,0,0,0,0,0,0,1
0,0,0,0,0,0,0,0,0,0,0,1
0,0,0,0,0,0,0,0,0,0,0,1
0,0,0,0,0,0,0,0,0,0,0,1
0,0,0,0,0,0,0,0,0,0,0,0
0,0,0,0,0,0,0,0,0,0,0,1
0,81,11,1,2,1,134,7,0,11,18,1
0,0,0,0,0,0,0,0,0,0,0,0
0,0,0,0,0,0,0,0,0,0,0,1
0,0,0,0,0,0,0,0,0,0,0,1
0,0,0,0,0,0,0,0,0,0,0,1
0,0,0,0,0,0,0,0,0,0,0,1
0,0,0,0,0,0,0,0,0,0,0,1
0,5,2,2,1,0,0,1,0,3,8,1
0,0,0,0,0,0,0,0,0,0,0,1
0,43,40,2,4,3,0,6,0,40,47,1
0,0,0,0,0,0,0,0,0,0,0,1
0,0,0,0,0,0,0,0,0,0,0,0
0,0,0,0,0,0,0,0,0,0,0,1
0,0,0,0,0,0,0,0,0,0,0,0
1,42,24,24,33,0,0,0,0,28,11,1
0,0,0,0,0,0,0,0,0,0,0,1
0,0,0,0,0,0,0,0,0,0,0,0
0,0,0,0,0,0,0,0,0,0,0,1
0,0,0,0,0,0,0,0,0,0,0,1
0,0,0,0,0,0,0,0,0,0,0,1
0,0,0,0,0,0,0,0,0,0,0,0
0,0,0,0,0,0,0,0,0,0,0,1
0,0,0,0,0,0,0,0,0,0,0,1
0,0,0,0,0,0,0,0,0,0,0,0
0,0,0,0,0,0,0,0,0,0,0,1
0,0,0,0,0,0,0,0,0,0,0,1
0,2,1,0,0,0,0,0,0,2,1,1
0,0,0,0,0,0,0,0,0,0,0,1
0,0,0,0,0,0,0,0,0,0,0,1
0,37,1,2,30,0,0,0,0,3,8,1
0,0,0,0,0,0,0,0,0,0,0,1
0,2,1,0,0,0,0,0,0,1,2,1
0,0,0,0,0,0,0,0,0,0,0,0
0,10,1,2,4,0,0,0,0,1,7,1
0,0,0,0,0,0,0,0,0,0,0,0
0,0,0,0,0,0,0,0,0,0,0,1
0,11,1,2,4,0,0,0,0,3,7,1
0,0,0,0,0,0,0,0,0,0,0,1
0,0,0,0,0,0,0,0,0,0,0,0
0,0,0,0,0,0,0,0,0,0,0,0
0,0,0,0,0,0,0,0,0,0,0,1
0,0,0,0,0,0,0,0,0,0,0,0
0,0,0,0,0,0,0,0,0,0,0,1
0,1,1,0,0,0,0,0,0,1,0,1
0,1,1,0,0,0,0,0,0,1,1,1
0,2,1,1,0,0,0,0,0,1,3,1
0,0,0,0,0,0,0,0,0,0,0,1
0,0,0,0,0,0,0,0,0,0,0,1
0,0,0,0,0,0,0,0,0,0,0,1
0,0,0,0,0,0,0,0,0,0,0,1
0,0,0,0,0,0,0,0,0,0,0,1
0,0,0,0,0,0,0,0,0,0,0,1
0,0,0,0,0,0,0,0,0,0,0,1
0,0,0,0,0,0,0,0,0,0,0,1
0,0,0,0,0,0,0,0,0,0,0,1
0,0,0,0,0,0,0,0,0,0,0,1
0,0,0,0,0,0,0,0,0,0,0,0
0,0,0,0,0,0,0,0,0,0,0,0
2,5,1,1,0,3,0,0,0,1,1,1
0,0,0,0,0,0,0,0,0,0,0,1
0,0,0,0,0,0,0,0,0,0,0,0
0,1,1,0,0,0,0,0,0,1,0,1
0,1,1,0,0,0,0,0,0,1,1,1
0,3,1,1,0,0,0,0,0,1,12,1
0,24,2,0,4,0,60,4,0,7,16,1
0,0,0,0,0,0,0,0,0,0,0,0
0,0,0,0,0,0,0,0,0,0,0,1
0,24,1,0,10,3,2,2,0,8,25,1
0,0,0,0,0,0,0,0,0,0,0,1
0,0,0,0,0,0,0,0,0,0,0,1
0,0,0,0,0,0,0,0,0,0,0,1
0,0,0,0,0,0,0,0,0,0,0,1
0,0,0,0,0,0,0,0,0,0,0,1
0,0,0,0,0,0,0,0,0,0,0,1
0,1,0,0,0,0,0,0,0,0,0,1
0,0,0,0,0,0,0,0,0,0,0,1
0,0,0,0,0,0,0,0,0,0,0,1
0,3,1,1,0,0,0,0,0,1,11,1
0,0,0,0,0,0,0,0,0,0,0,0
0,0,0,0,0,0,0,0,0,0,0,1
0,0,0,0,0,0,0,0,0,0,0,1
0,0,0,0,0,0,0,0,0,0,0,1
0,0,0,0,0,0,0,0,0,0,0,1
0,0,0,0,0,0,0,0,0,0,0,1
0,0,0,0,0,0,0,0,0,0,0,0
0,0,0,0,0,0,0,0,0,0,0,0
0,0,0,0,0,0,0,0,0,0,0,1
0,0,0,0,0,0,0,0,0,0,0,1
0,0,0,0,0,0,0,0,0,0,0,1
0,3,0,0,1,0,0,0,0,1,4,1
0,0,0,0,0,0,0,0,0,0,0,0
0,0,0,0,0,0,0,0,0,0,0,1
0,0,0,0,0,0,0,0,0,0,0,1
0,0,0,0,0,0,0,0,0,0,0,0
0,0,0,0,0,0,0,0,0,0,1,1
0,0,0,0,0,0,0,0,0,0,0,1
0,0,0,0,0,0,0,0,0,0,0,1
0,10,1,2,4,0,0,0,0,3,7,1
0,0,0,0,0,0,0,0,0,0,0,1
0,0,0,0,0,0,0,0,0,0,0,1
0,0,0,0,0,0,0,0,0,0,0,1
1,1,0,0,0,0,0,1,0,0,6,1
0,0,0,0,0,0,0,0,0,0,0,1
0,3,1,0,1,0,0,0,0,1,4,1
0,0,0,0,0,0,0,0,0,0,0,0
0,0,0,0,0,0,0,0,0,0,0,0
0,0,0,0,0,0,0,0,0,0,0,1
0,0,0,0,0,0,0,0,0,0,0,1
0,0,0,0,0,0,0,0,0,0,0,1
0,0,0,0,0,0,0,0,0,0,0,0
0,1,1,0,0,0,0,0,0,1,1,1
0,5,2,2,1,0,0,1,0,3,8,1
0,1,1,0,0,0,0,0,0,1,22,1
0,3,1,1,0,0,0,0,0,1,11,1
0,5,1,1,2,1,2,13,0,1,19,1
0,0,0,0,0,0,0,0,0,0,0,1
0,0,0,0,0,0,0,0,0,0,0,0
0,0,0,0,0,0,0,0,0,0,0,0
0,1,1,0,0,0,0,0,0,1,1,1
0,0,0,0,0,0,0,0,0,0,0,1
0,0,0,0,0,0,0,0,0,0,0,1
0,0,0,0,0,0,0,0,0,0,0,0
0,0,0,0,0,0,0,0,0,0,0,1
0,1,1,0,0,0,0,0,0,1,0,1
0,0,0,0,0,0,0,0,0,0,1,1
0,0,0,0,0,0,0,0,0,0,0,1
0,1,0,0,0,0,0,0,0,0,1,1
0,0,0,0,0,0,0,0,0,0,0,0
0,0,0,0,0,0,0,0,0,0,0,1
0,0,0,0,0,0,0,0,0,0,0,1
0,0,0,0,0,0,0,0,0,0,0,1
0,0,0,0,0,0,0,0,0,0,0,0
0,1,0,1,0,0,0,0,0,0,0,1
0,0,0,0,0,0,0,0,0,0,0,1
0,0,0,0,0,0,0,0,0,0,0,1
1,1,0,0,0,0,0,1,0,0,5,1
0,7,1,1,6,0,0,1,0,2,7,1
0,0,0,0,0,0,0,0,0,0,0,0
0,0,0,0,0,0,0,0,0,0,0,1
0,0,0,0,0,0,0,0,0,0,0,1
0,1,1,0,0,0,0,0,0,1,3,1
0,0,0,0,0,0,0,0,0,0,0,1
0,0,0,0,0,0,0,0,0,0,0,0
0,0,0,0,0,0,0,0,0,0,0,1
0,0,0,0,0,0,0,0,0,0,0,1
0,0,0,0,0,0,0,0,0,0,0,1
0,0,0,0,0,0,0,0,0,0,0,0
0,1,1,0,0,0,0,0,0,1,0,1
0,0,0,0,0,0,0,0,0,0,0,1
1,3,0,0,0,0,0,0,0,2,25,1
0,0,0,0,0,0,0,0,0,0,0,1
0,0,0,0,0,0,0,0,0,0,0,0
0,0,0,0,0,0,0,0,0,0,0,0
0,5,2,2,2,0,0,1,0,2,12,1
0,1,1,0,0,0,0,0,0,1,3,1
0,0,0,0,0,0,0,0,0,0,0,0
0,14,2,1,0,0,0,0,0,11,10,1
0,0,0,0,0,0,0,0,0,0,0,1
0,0,0,0,0,0,0,0,0,0,0,1
0,0,0,0,0,0,0,0,0,0,0,1
0,1,1,0,0,0,0,0,0,1,1,1
0,0,0,0,0,0,0,0,0,0,0,1
0,0,0,0,0,0,0,0,0,0,0,1
0,3,1,1,0,0,0,0,0,1,12,1
0,0,0,0,0,0,0,0,0,0,0,1
0,0,0,0,0,0,0,0,0,0,0,1
0,0,0,0,0,0,0,0,0,0,0,0
0,0,0,0,0,0,0,0,0,0,0,1
1,399,0,0,0,0,792,1,0,1,0,1
0,0,0,0,0,0,0,0,0,0,0,1
0,0,0,0,0,0,0,0,0,0,0,1
0,0,0,0,0,0,0,0,0,0,0,1
0,0,0,0,0,0,0,0,0,0,0,1
0,1,1,0,0,0,0,0,0,1,2,1
0,0,0,0,0,0,0,0,0,0,0,0
0,1,0,0,0,0,0,0,0,1,6,1
0,0,0,0,0,0,0,0,0,0,0,1
0,6,0,0,0,0,0,0,0,0,1,1
0,0,0,0,0,0,0,0,0,0,4,1
0,0,0,0,0,0,0,0,0,0,0,0
0,0,0,0,0,0,0,0,0,0,0,1
0,0,0,0,0,0,0,0,0,0,0,0
0,8,0,0,6,1,0,0,0,0,7,1
0,0,0,0,0,0,0,0,0,0,0,1
0,0,0,0,0,0,0,0,0,0,0,1
0,2,1,0,1,0,2,0,0,1,3,1
0,0,0,0,0,0,0,0,0,0,0,1
0,0,0,0,0,0,0,0,0,0,0,1
0,0,0,0,0,0,0,0,0,0,0,1
0,3,3,0,0,0,0,0,0,3,0,1
0,0,0,0,0,0,0,0,0,0,0,1
1,6,1,1,4,0,0,0,0,2,5,1
0,0,0,0,0,0,0,0,0,0,0,0
0,7,2,1,0,0,2,1,0,5,6,1
0,8,1,2,4,0,0,0,0,2,6,1
0,0,0,0,0,0,0,0,0,0,0,1
0,0,0,0,0,0,0,0,0,0,0,0
0,0,0,0,0,0,0,0,0,0,0,1
0,2,1,0,0,0,0,0,0,2,19,1
0,1,1,0,0,0,0,0,0,1,2,1
0,5,1,0,0,0,0,0,0,2,11,1
0,0,0,0,0,0,0,0,0,0,5,1
0,0,0,0,0,0,0,0,0,0,0,1
0,1,0,0,0,0,0,0,0,0,11,1
0,0,0,0,0,0,0,0,0,0,0,1
0,0,0,0,0,0,0,0,0,0,0,1
0,0,0,0,0,0,0,0,0,0,0,1
0,0,0,0,0,0,0,0,0,0,0,1
0,0,0,0,0,0,0,0,0,0,0,0
0,0,0,0,0,0,0,0,0,0,0,1
0,0,0,0,0,0,0,0,0,0,0,1
0,0,0,0,0,0,0,0,0,0,0,1
0,1,1,0,0,0,0,0,0,1,2,1
1,0,0,0,0,0,0,0,0,0,0,1
0,0,0,0,0,0,0,0,0,0,0,1
6,38,5,1,24,2,0,2,4,15,44,1
0,0,0,0,0,0,0,0,0,0,0,0
0,0,0,0,0,0,0,0,0,0,0,1
0,0,0,0,0,0,0,0,0,0,0,1
0,0,0,0,0,0,0,0,0,0,0,1
0,1,1,0,0,0,0,0,0,1,1,1
0,5,1,0,1,0,0,0,0,2,8,1
0,0,0,0,0,0,0,0,0,0,0,0
0,27,14,3,7,0,0,1,0,22,16,1
0,0,0,0,0,0,0,0,0,0,0,1
0,0,0,0,0,0,0,0,0,0,0,0
0,0,0,0,0,0,0,0,0,0,0,1
0,0,0,0,0,0,0,0,0,0,0,1
0,0,0,0,0,0,0,0,0,0,0,1
0,0,0,0,0,0,0,0,0,0,0,1
0,0,0,0,0,0,0,0,0,0,0,1
0,0,0,0,0,0,0,0,0,0,0,1
0,0,0,0,0,0,0,0,0,0,0,1
0,0,0,0,0,0,0,0,0,0,0,0
0,0,0,0,0,0,0,0,0,0,0,0
0,0,0,0,0,0,0,0,0,0,0,1
0,0,0,0,0,0,0,0,0,0,0,1
0,0,0,0,0,0,0,0,0,0,0,1
0,0,0,0,0,0,0,0,0,0,0,1
0,10,1,2,4,0,0,0,0,3,7,1
0,0,0,0,0,0,0,0,0,0,0,0
0,0,0,0,0,0,0,0,0,0,0,1
0,0,0,0,0,0,0,0,0,0,0,1
0,0,0,0,0,0,0,0,0,0,0,1
0,0,0,0,0,0,0,0,0,0,0,1
0,0,0,0,0,0,0,0,0,0,0,1
0,0,0,0,0,0,0,0,0,0,0,0
0,0,0,0,0,0,0,0,0,0,0,1
0,0,0,0,0,0,0,0,0,0,0,1
0,0,0,0,0,0,0,0,0,0,0,1
0,2,1,0,0,0,0,0,0,1,3,1
0,0,0,0,0,0,0,0,0,0,0,1
0,0,0,0,0,0,0,0,0,0,0,0
0,2,1,0,0,0,0,0,0,2,5,1
0,0,0,0,0,0,0,0,0,0,0,1
0,0,0,0,0,0,0,0,0,0,0,1
0,0,0,0,0,0,0,0,0,0,0,1
0,0,0,0,0,0,0,0,0,0,0,1
0,0,0,0,0,0,0,0,0,0,0,1
0,0,0,0,0,0,0,0,0,0,0,0
0,0,0,0,0,0,0,0,0,0,0,1
0,0,0,0,0,0,0,0,0,0,0,1
0,0,0,0,0,0,0,0,0,0,0,1
0,0,0,0,0,0,0,0,0,0,0,1
0,0,0,0,0,0,0,0,0,0,0,0
0,0,0,0,0,0,0,0,0,0,0,0
0,0,0,0,0,0,0,0,0,0,0,1
0,0,0,0,0,0,0,0,0,0,0,1
0,0,0,0,0,0,0,0,0,0,0,0
0,1,1,0,0,0,0,0,0,1,1,1
0,0,0,0,0,0,0,0,0,0,0,1
0,0,0,0,0,0,0,0,0,0,0,1
0,3,1,1,0,0,0,0,0,1,11,1
0,2,1,0,0,0,0,0,0,2,2,1
0,3,1,1,0,0,0,0,0,1,11,1
0,0,0,0,0,0,0,0,0,0,0,1
0,0,0,0,0,0,0,0,0,0,0,1
0,3,1,0,1,0,0,0,0,1,4,1
0,0,0,0,0,0,0,0,0,0,0,1
0,1,1,0,0,0,0,0,0,1,0,1
0,0,0,0,0,0,0,0,0,0,0,1
0,0,0,0,0,0,0,0,0,0,0,1
0,10,1,2,4,0,0,0,0,1,7,1
0,3,0,0,0,0,0,0,0,1,14,1
0,0,0,0,0,0,0,0,0,0,0,1
0,0,0,0,0,0,0,0,0,0,0,1
0,0,0,0,0,0,0,0,0,0,0,1
0,0,0,0,0,0,0,0,0,0,0,1
0,0,0,0,0,0,0,0,0,0,0,0
0,0,0,0,0,0,0,0,0,0,0,1
0,0,0,0,0,0,0,0,0,0,0,1
0,0,0,0,0,0,0,0,0,0,0,1
0,0,0,0,0,0,0,0,0,0,0,1
0,0,0,0,0,0,0,0,0,0,1,1
0,7,2,3,1,1,2,8,0,2,18,1
0,1,0,0,0,0,0,0,0,0,0,1
0,0,0,0,0,0,0,0,0,0,0,1
0,0,0,0,0,0,0,0,0,0,0,1
0,3,1,1,0,0,0,0,0,1,11,1
0,0,0,0,0,0,0,0,0,0,0,1
0,1,1,0,0,0,0,0,0,1,1,1
0,0,0,0,0,0,0,0,0,0,0,1
0,9,0,0,6,0,0,0,0,2,10,1
0,0,0,0,0,0,0,0,0,0,0,1
0,0,0,0,0,0,0,0,0,0,0,1
0,0,0,0,0,0,0,0,0,0,0,1
0,0,0,0,0,0,0,0,0,0,0,1
0,0,0,0,0,0,0,0,0,0,0,1
0,0,0,0,0,0,0,0,0,0,0,0
0,0,0,0,0,0,0,0,0,0,0,1
0,0,0,0,0,0,0,0,0,0,0,0
0,0,0,0,0,0,0,0,0,0,0,1
0,0,0,0,0,0,0,0,0,0,0,1
0,0,0,0,0,0,0,0,0,0,0,1
0,0,0,0,0,0,0,0,0,0,0,0
0,2,0,0,0,0,0,0,0,0,0,1
0,0,0,0,0,0,0,0,0,0,0,1
0,0,0,0,0,0,0,0,0,0,0,1
0,0,0,0,0,0,0,0,0,0,0,1
0,2,1,0,0,0,0,0,0,2,3,1
0,0,0,0,0,0,0,0,0,0,0,1
0,0,0,0,0,0,0,0,0,0,0,1
0,0,0,0,0,0,0,0,0,0,0,1
0,0,0,0,0,0,0,0,0,0,0,1
0,46,13,2,19,0,0,0,0,23,22,1
0,0,0,0,0,0,0,0,0,0,0,1
0,0,0,0,0,0,0,0,0,0,0,1
0,0,0,0,0,0,0,0,0,0,0,1
0,0,0,0,0,0,0,0,0,0,0,1
0,0,0,0,0,0,0,0,0,0,0,1
0,0,0,0,0,0,0,0,0,0,0,0
0,0,0,0,0,0,0,0,0,0,0,1
0,2,1,0,0,0,0,0,0,2,19,1
0,0,0,0,0,0,0,0,0,0,0,0
0,3,1,1,0,0,0,0,0,1,11,1
0,0,0,0,0,0,0,0,0,0,0,1
2,5,0,0,1,1,0,3,0,1,7,1
0,0,0,0,0,0,0,0,0,0,0,0
0,3,1,0,1,0,0,0,0,1,4,1
0,3,1,1,0,0,0,0,0,1,11,1
1,3,0,0,0,0,0,0,0,1,10,1
0,1,0,0,0,0,0,0,0,0,9,1
3,12,2,1,6,2,0,2,4,5,27,1
0,0,0,0,0,0,0,0,0,0,0,1
0,0,0,0,0,0,0,0,0,0,0,1
0,3,1,0,1,0,0,0,0,1,4,1
0,1,0,0,0,0,0,0,0,1,5,1
0,3,1,1,0,0,0,0,0,1,11,1
0,5,2,2,2,0,0,1,0,2,12,1
0,0,0,0,0,0,0,0,0,0,0,1
0,0,0,0,0,0,0,0,0,0,0,1
0,0,0,0,0,0,0,0,0,0,0,0
0,0,0,0,0,0,0,0,0,0,0,1
0,0,0,0,0,0,0,0,0,0,0,0
0,0,0,0,0,0,0,0,0,0,0,1
0,1,1,0,0,0,0,0,0,1,3,1
0,0,0,0,0,0,0,0,0,0,0,0
0,0,0,0,0,0,0,0,0,0,0,1
0,0,0,0,0,0,0,0,0,0,0,1
0,0,0,0,0,0,0,0,0,0,0,1
0,0,0,0,0,0,0,0,0,0,0,0
0,0,0,0,0,0,0,0,0,0,0,0
0,0,0,0,0,0,0,0,0,0,0,1
0,0,0,0,0,0,0,0,0,0,0,1
0,0,0,0,0,0,0,0,0,0,0,1
0,3,1,0,1,0,2,0,0,1,3,1
0,0,0,0,0,0,0,0,0,0,0,1
0,0,0,0,0,0,0,0,0,0,0,1
0,0,0,0,0,0,0,0,0,0,0,1
0,0,0,0,0,0,0,0,0,0,0,1
0,0,0,0,0,0,0,0,0,0,0,0
0,0,0,0,0,0,0,0,0,0,0,1
0,0,0,0,0,0,0,0,0,0,0,0
0,2,1,0,0,0,0,0,0,2,19,1
0,0,0,0,0,0,0,0,0,0,0,1
0,0,0,0,0,0,0,0,0,0,0,1
0,0,0,0,0,0,0,0,0,0,0,1
19,5,1,1,4,0,0,529,0,1,15,1
0,2,1,1,0,0,0,0,0,1,11,1
0,3,1,0,1,0,0,0,0,1,4,1
0,0,0,0,0,0,0,0,0,0,0,1
0,0,0,0,0,0,0,0,0,0,0,1
0,0,0,0,0,0,0,0,0,0,0,1
0,2,1,0,0,0,0,0,0,2,2,1
0,0,0,0,0,0,0,0,0,0,0,1
0,0,0,0,0,0,0,0,0,0,0,1
0,0,0,0,0,0,0,0,0,0,0,1
1,43,3,1,0,0,0,0,0,14,39,1
0,2,1,0,0,0,0,0,0,2,14,1
0,0,0,0,0,0,0,0,0,0,0,1
0,0,0,0,0,0,0,0,0,0,0,1
0,0,0,0,0,0,0,0,0,0,0,1
0,0,0,0,0,0,0,0,0,0,0,1
0,0,0,0,0,0,0,0,0,0,0,1
0,0,0,0,0,0,0,0,0,0,0,1
0,14,4,0,2,0,0,0,0,12,10,1
0,3,1,0,1,0,0,0,0,1,4,1
0,0,0,0,0,0,0,0,0,0,0,0
0,3,1,1,0,0,0,0,0,1,11,1
0,0,0,0,0,0,0,0,0,0,0,1
0,19,1,0,8,0,0,0,0,7,18,1
0,0,0,0,0,0,0,0,0,0,0,0
0,1,1,0,0,0,0,0,0,1,1,1
0,0,0,0,0,0,0,0,0,0,0,0
0,0,0,0,0,0,0,0,0,0,0,0
0,0,0,0,0,0,0,0,0,0,0,1
0,2,1,0,0,0,0,0,0,1,1,1
0,0,0,0,0,0,0,0,0,0,0,0
0,0,0,0,0,0,0,0,0,0,0,1
0,0,0,0,0,0,0,0,0,0,0,1
0,0,0,0,0,0,0,0,0,0,0,0
1,27,12,2,4,1,0,0,0,24,29,1
0,0,0,0,0,0,0,0,0,0,0,1
0,0,0,0,0,0,0,0,0,0,0,1
0,0,0,0,0,0,0,0,0,0,0,0
0,0,0,0,0,0,0,0,0,0,0,0
0,0,0,0,0,0,0,0,0,0,0,1
0,0,0,0,0,0,0,0,0,0,0,0
0,0,0,0,0,0,0,0,0,0,0,1
0,0,0,0,0,0,0,0,0,0,0,1
0,0,0,0,0,0,0,0,0,0,0,1
0,2,1,0,0,0,0,0,0,2,14,1
0,4,0,0,4,0,0,0,0,0,8,1
0,0,0,0,0,0,0,0,0,0,1,1
0,0,0,0,0,0,0,0,0,0,0,0
0,0,0,0,0,0,0,0,0,0,0,1
0,1,1,0,0,0,0,0,0,1,0,1
0,0,0,0,0,0,0,0,0,0,0,1
0,0,0,0,0,0,0,0,0,0,0,1
0,8,1,2,4,0,0,0,0,2,6,1
0,0,0,0,0,0,0,0,0,0,0,1
0,1,1,0,0,0,0,0,0,1,0,1
0,0,0,0,0,0,0,0,0,0,0,0
0,0,0,0,0,0,0,0,0,0,0,1
0,0,0,0,0,0,0,0,0,0,0,1
0,0,0,0,0,0,0,0,0,0,0,1
0,0,0,0,0,0,0,0,0,0,0,0
0,0,0,0,0,0,0,0,0,0,0,1
0,0,0,0,0,0,0,0,0,0,0,0
0,0,0,0,0,0,0,0,0,0,0,1
0,0,0,0,0,0,0,0,0,0,0,1
0,0,0,0,0,0,0,0,0,0,0,1
0,0,0,0,0,0,0,0,0,0,0,0
0,4,0,0,4,0,0,0,0,0,7,1
0,0,0,0,0,0,0,0,0,0,0,1
0,1,1,0,0,0,0,0,0,1,1,1
0,0,0,0,0,0,0,0,0,0,0,1
0,1,1,0,0,0,0,0,0,1,0,1
0,0,0,0,0,0,0,0,0,0,0,1
0,0,0,0,0,0,0,0,0,0,0,1
0,1,1,0,0,0,0,0,0,1,0,1
0,0,0,0,0,0,0,0,0,0,0,0
0,2,1,0,0,0,0,0,0,2,14,1
0,3,1,0,0,0,0,0,0,3,1,1
0,0,0,0,0,0,0,0,0,0,1,1
0,1,1,0,0,0,0,0,0,1,2,1
0,0,0,0,0,0,0,0,0,0,0,1
0,1,0,0,0,0,0,0,0,1,1,1
0,0,0,0,0,0,0,0,0,0,0,1
0,0,0,0,0,0,0,0,0,0,0,1
0,3,1,1,0,0,0,0,0,1,11,1
0,0,0,0,0,0,0,0,0,0,0,1
0,0,0,0,0,0,0,0,0,0,0,1
0,0,0,0,0,0,0,0,0,0,0,1
0,16,1,0,7,0,0,0,0,5,17,1
0,4,1,1,1,0,0,0,0,2,13,1
0,0,0,0,0,0,0,0,0,0,0,1
0,0,0,0,0,0,0,0,0,0,0,1
0,2,0,1,1,0,0,0,0,0,0,1
0,0,0,0,0,0,0,0,0,0,0,1
0,0,0,0,0,0,0,0,0,0,0,1
0,0,0,0,0,0,0,0,0,0,0,1
0,0,0,0,0,0,0,0,0,0,0,1
0,0,0,0,0,0,0,0,0,0,0,0
0,0,0,0,0,0,0,0,0,0,0,1
1,1,1,0,0,0,0,0,0,1,3,1
0,0,0,0,0,0,0,0,0,0,0,1
0,0,0,0,0,0,0,0,0,0,0,1
0,56,2,0,18,0,0,0,0,17,19,1
0,2,0,0,0,0,0,0,0,1,7,1
0,0,0,0,0,0,0,0,0,0,0,1
0,0,0,0,0,0,0,0,0,0,0,1
0,0,0,0,0,0,0,0,0,0,0,1
0,2,1,1,0,0,0,0,0,1,3,1
0,0,0,0,0,0,0,0,0,0,0,0
1,0,0,0,0,0,0,0,0,0,7,1
0,0,0,0,0,0,0,0,0,0,1,1
0,0,0,0,0,0,0,0,0,0,0,1
0,0,0,0,0,0,0,0,0,0,0,1
0,0,0,0,0,0,0,0,0,0,0,1
0,0,0,0,0,0,0,0,0,0,0,0
0,0,0,0,0,0,0,0,0,0,0,1
0,14,1,1,6,0,2,0,0,3,13,1
0,0,0,0,0,0,0,0,0,0,0,1
0,3,1,0,1,0,0,0,0,1,4,1
0,0,0,0,0,0,0,0,0,0,0,0
0,0,0,0,0,0,0,0,0,0,0,1
0,0,0,0,0,0,0,0,0,0,0,1
0,0,0,0,0,0,0,0,0,0,0,1
0,0,0,0,0,0,0,0,0,0,1,1
0,0,0,0,0,0,0,0,0,0,0,1
1,1,0,0,0,0,0,0,0,1,7,1
0,0,0,0,0,0,0,0,0,0,0,0
0,2,1,0,0,0,0,0,0,2,14,1
0,0,0,0,0,0,0,0,0,0,0,0
0,0,0,0,0,0,0,0,0,0,0,1
0,0,0,0,0,0,0,0,0,0,0,1
0,0,0,0,0,0,0,0,0,0,0,0
0,1,1,0,0,0,0,0,0,1,1,1
0,0,0,0,0,0,0,0,0,0,0,1
0,0,0,0,0,0,0,0,0,0,0,0
0,0,0,0,0,0,0,0,0,0,0,1
0,0,0,0,0,0,0,0,0,0,0,0
0,0,0,0,0,0,0,0,0,0,0,1
0,0,0,0,0,0,0,0,0,0,0,1
0,0,0,0,0,0,0,0,0,0,0,0
0,5,0,0,0,0,0,0,0,4,26,1
0,0,0,0,0,0,0,0,0,0,1,1
0,4,0,0,4,0,0,0,0,0,8,1
0,3,1,1,0,0,0,0,0,1,11,1
0,3,1,1,0,0,0,0,0,1,11,1
0,0,0,0,0,0,0,0,0,0,0,0
0,0,0,0,0,0,0,0,0,0,0,0
0,1,1,0,0,0,0,0,0,1,3,1
0,3,1,0,1,0,0,0,0,1,4,1
0,0,0,0,0,0,0,0,0,0,0,1
0,0,0,0,0,0,0,0,0,0,1,1
0,1,1,0,0,0,0,0,0,1,20,1
0,1,1,0,0,0,0,0,0,1,0,1
0,0,0,0,0,0,0,0,0,0,0,1
0,0,0,0,0,0,0,0,0,0,0,1
0,3,1,0,1,0,0,0,0,1,4,1
0,0,0,0,0,0,0,0,0,0,0,1
0,0,0,0,0,0,0,0,0,0,0,1
0,5,1,1,2,1,2,1,0,1,14,1
0,0,0,0,0,0,0,0,0,0,0,1
0,0,0,0,0,0,0,0,0,0,0,1
0,0,0,0,0,0,0,0,0,0,0,1
0,0,0,0,0,0,0,0,0,0,0,1
0,0,0,0,0,0,0,0,0,0,0,1
0,0,0,0,0,0,0,0,0,0,0,0
0,1,1,0,0,0,0,0,0,1,2,1
0,1,1,0,0,0,0,0,0,1,1,1
0,1,1,0,0,0,0,0,0,1,2,1
0,0,0,0,0,0,0,0,0,0,0,1
0,0,0,0,0,0,0,0,0,0,0,1
0,0,0,0,0,0,0,0,0,0,0,0
0,0,0,0,0,0,0,0,0,0,0,1
0,1,0,0,0,0,0,0,0,1,13,1
0,10,1,2,4,0,0,0,0,3,7,1
0,0,0,0,0,0,0,0,0,0,0,0
0,7,1,0,4,0,0,0,0,3,8,1
0,239,1,0,0,0,0,0,0,239,3,1
0,0,0,0,0,0,0,0,0,0,0,1
0,0,0,0,0,0,0,0,0,0,0,1
0,0,0,0,0,0,0,0,0,0,0,1
0,0,0,0,0,0,0,0,0,0,0,0
0,0,0,0,0,0,0,0,0,0,0,1
2,5,1,1,0,3,0,0,0,1,1,1
0,0,0,0,0,0,0,0,0,0,0,1
0,0,0,0,0,0,0,0,0,0,0,0
0,0,0,0,0,0,0,0,0,0,0,1
0,0,0,0,0,0,0,0,0,0,0,1
0,0,0,0,0,0,0,0,0,0,0,1
0,0,0,0,0,0,0,0,0,0,0,1
0,0,0,0,0,0,0,0,0,0,0,0
0,0,0,0,0,0,0,0,0,0,0,1
0,0,0,0,0,0,0,0,0,0,0,0
0,0,0,0,0,0,0,0,0,0,0,1
0,1,0,0,0,0,0,0,0,1,3,1
0,0,0,0,0,0,0,0,0,0,0,1
0,5,2,2,1,0,0,1,0,3,8,1
0,0,0,0,0,0,0,0,0,0,0,1
1,3,0,0,1,0,2,0,0,2,6,1
2,5,1,1,0,3,0,0,0,1,1,1
0,0,0,0,0,0,0,0,0,0,0,0
0,2,1,0,0,0,0,0,0,2,14,1
0,0,0,0,0,0,0,0,0,0,0,1
0,0,0,0,0,0,0,0,0,0,0,1
0,0,0,0,0,0,0,0,0,0,0,1
0,1,0,0,0,0,0,0,0,1,2,1
0,1,1,0,0,0,0,0,0,1,0,1
0,1,1,0,0,0,0,0,0,1,1,1
0,1,1,0,0,0,0,0,0,1,2,1
0,0,0,0,0,0,0,0,0,0,0,1
0,0,0,0,0,0,0,0,0,0,0,1
0,0,0,0,0,0,0,0,0,0,0,1
0,0,0,0,0,0,0,0,0,0,0,0
0,0,0,0,0,0,0,0,0,0,0,1
0,0,0,0,0,0,0,0,0,0,0,1
0,0,0,0,0,0,0,12,0,0,6,1
0,0,0,0,0,0,0,0,0,0,0,1
0,0,0,0,0,0,0,0,0,0,0,0
0,1,0,0,0,0,0,0,0,1,1,1
0,0,0,0,0,0,0,0,0,0,0,0
0,10,0,0,8,0,2,2,0,4,9,1
0,0,0,0,0,0,0,0,0,0,0,0
0,0,0,0,0,0,0,0,0,0,0,1
0,0,0,0,0,0,0,0,0,0,0,1
0,0,0,0,0,0,0,0,0,0,0,1
0,0,0,0,0,0,0,0,0,0,0,0
0,2,1,0,0,0,0,0,0,2,5,1
0,0,0,0,0,0,0,0,0,0,0,1
0,0,0,0,0,0,0,0,0,0,0,1
0,16,1,0,7,0,0,0,0,5,15,1
0,0,0,0,0,0,0,0,0,0,0,0
0,0,0,0,0,0,0,0,0,0,0,1
0,0,0,0,0,0,0,0,0,0,0,1
0,0,0,0,0,0,0,0,0,0,0,0
1,4,0,0,4,0,0,0,0,0,6,1
0,4,0,1,2,1,0,0,0,0,7,1
0,0,0,0,0,0,0,0,0,0,0,1
0,1,1,0,0,0,0,0,0,1,1,1
0,2,1,0,0,0,0,0,0,2,1,1
0,1,0,0,0,0,0,0,0,1,5,1
1,5,1,1,0,3,0,0,0,1,0,1
0,0,0,0,0,0,0,0,0,0,0,0
0,2,1,0,0,0,0,0,0,2,19,1
0,0,0,0,0,0,0,0,0,0,0,0
0,19,1,0,8,0,0,0,0,7,18,1
1,6,0,1,1,1,2,0,0,2,4,1
0,3,1,1,0,0,0,0,0,1,12,1
0,0,0,0,0,0,0,0,0,0,0,1
0,4,0,0,4,0,0,0,0,0,8,1
0,0,0,0,0,0,0,0,0,0,0,1
0,0,0,0,0,0,0,0,0,0,0,1
0,1,0,0,0,0,0,0,0,1,8,1
0,4,0,0,0,0,0,0,0,0,1,1
0,0,0,0,0,0,0,0,0,0,0,1
0,0,0,0,0,0,0,0,0,0,1,1
0,3,1,0,1,0,0,0,0,1,4,1
0,10,1,0,7,1,0,1,0,1,9,1
0,3,1,1,0,0,0,0,0,1,12,1
1,6,0,0,2,0,0,15,0,3,23,1
0,0,0,0,0,0,0,0,0,0,0,1
1,58,0,0,3,0,4,2,0,2,4,1
3,12,2,1,6,2,0,2,4,5,19,1
0,0,0,0,0,0,0,0,0,0,0,1
0,0,0,0,0,0,0,0,0,0,0,1
0,1,1,0,0,0,0,0,0,1,5,1
0,0,0,0,0,0,0,0,0,0,0,1
0,0,0,0,0,0,0,0,0,0,0,0
1,5,3,3,4,0,0,0,0,0,2,1
0,0,0,0,0,0,0,0,0,0,0,1
0,0,0,0,0,0,0,0,0,0,0,1
0,0,0,0,0,0,0,0,0,0,0,0
0,0,0,0,0,0,0,0,0,0,0,0
0,1,1,0,0,0,0,0,0,1,0,1
0,1,1,0,0,0,0,0,0,1,1,1
0,1,1,0,0,0,0,0,0,1,1,1
0,0,0,0,0,0,0,0,0,0,0,1
0,0,0,0,0,0,0,0,0,0,0,1
0,0,0,0,0,0,0,0,0,0,0,1
0,1,1,0,0,0,0,0,0,1,11,1
0,0,0,0,0,0,0,0,0,0,0,0
0,25,14,3,5,0,0,1,0,21,16,1
0,0,0,0,0,0,0,0,0,0,0,1
0,1,1,0,0,0,0,0,0,1,0,1
0,0,0,0,0,0,0,0,0,0,0,1
0,0,0,0,0,0,0,0,0,0,0,0
0,0,0,0,0,0,0,0,0,0,0,1
0,2,1,1,0,0,0,0,0,1,11,1
0,1,1,0,0,0,0,0,0,1,2,1
0,0,0,0,0,0,0,0,0,0,0,1
0,0,0,0,0,0,0,0,0,0,0,1
0,4,0,1,2,1,0,0,0,0,7,1
0,0,0,0,0,0,0,0,0,0,0,1
0,0,0,0,0,0,0,0,0,0,6,1
0,0,0,0,0,0,0,0,0,0,0,1
0,0,0,0,0,0,0,0,0,0,0,1
0,0,0,0,0,0,0,0,0,0,0,1
0,59,9,9,5,0,70,28,0,16,29,1
0,0,0,0,0,0,0,0,0,0,0,0
0,0,0,0,0,0,0,0,0,0,0,1
0,1,1,0,0,0,0,0,0,1,1,1
0,0,0,0,0,0,0,0,0,0,0,1
0,8,0,0,6,1,0,0,0,0,9,1
7,40,14,6,10,6,0,19,1,22,53,1
0,2,1,1,1,1,2,0,0,1,1,1
0,0,0,0,0,0,0,0,0,0,0,1
0,0,0,0,0,0,0,0,0,0,0,1
0,0,0,0,0,0,0,0,0,0,0,1
0,0,0,0,0,0,0,0,0,0,0,1
0,0,0,0,0,0,0,0,0,0,0,1
0,0,0,0,0,0,0,0,0,0,0,1
0,0,0,0,0,0,0,0,0,0,0,1
0,0,0,0,0,0,0,0,0,0,0,1
0,0,0,0,0,0,0,0,0,0,0,1
0,0,0,0,0,0,0,0,0,0,0,0
0,0,0,0,0,0,0,0,0,0,1,1
0,0,0,0,0,0,0,0,0,0,0,1
0,2,1,1,0,0,0,0,0,1,3,1
0,0,0,0,0,0,0,0,0,0,0,1
0,0,0,0,0,0,0,0,0,0,0,0
0,0,0,0,0,0,0,0,0,0,0,1
0,0,0,0,0,0,0,0,0,0,0,0
0,0,0,0,0,0,0,0,0,0,0,0
0,0,0,0,0,0,0,0,0,0,0,1
0,0,0,0,0,0,0,0,0,0,0,0
0,5,1,0,0,0,2,2,0,1,6,1
0,5,2,2,1,0,0,1,0,3,8,1
1,10,3,0,1,0,0,1,0,5,41,1
0,0,0,0,0,0,0,0,0,0,0,1
0,0,0,0,0,0,0,0,0,0,0,1
0,0,0,0,0,0,0,0,0,0,0,0
0,0,0,0,0,0,0,0,0,0,0,0
0,0,0,0,0,0,0,0,0,0,0,0
0,9,3,1,2,0,0,1,0,6,18,1
0,0,0,0,0,0,0,0,0,0,0,0
0,0,0,0,0,0,0,0,0,0,0,1
0,0,0,0,0,0,0,0,0,0,0,0
7,42,0,0,22,0,0,6,7,20,49,1
0,3,1,1,0,0,0,0,0,1,11,1
0,3,1,0,1,0,0,0,0,1,0,1
0,2,1,0,0,0,0,0,0,2,14,1
1,121,2,1,86,0,0,0,0,12,24,1
0,0,0,0,0,0,0,0,0,0,0,1
0,0,0,0,0,0,0,0,0,0,0,0
0,14,1,0,5,0,0,0,0,4,13,1
0,0,0,0,0,0,0,0,0,0,1,0
0,0,0,0,0,0,0,0,0,0,0,1
0,0,0,0,0,0,0,0,0,0,0,1
0,0,0,0,0,0,0,0,0,0,0,1
0,0,0,0,0,0,0,0,0,0,0,0
0,0,0,0,0,0,0,0,0,0,0,0
0,1,0,0,0,0,0,0,0,1,13,1
0,1,1,0,0,0,0,0,0,1,3,1
0,6,1,0,0,0,0,0,0,1,9,1
0,1,0,0,0,0,0,0,0,1,13,1
0,0,0,0,0,0,0,0,0,0,0,1
0,4,0,2,0,0,0,0,0,1,13,1
0,0,0,0,0,0,0,0,0,0,0,1
0,0,0,0,0,0,0,0,0,0,0,1
0,0,0,0,0,0,0,0,0,0,0,0
0,0,0,0,0,0,0,0,0,0,0,1
0,11,1,1,6,0,0,0,0,3,3,1
0,0,0,0,0,0,0,0,0,0,9,1
0,0,0,0,0,0,0,0,0,0,0,0
0,0,0,0,0,0,0,0,0,0,0,1
0,14,2,5,6,0,0,3,1,6,8,1
0,0,0,0,0,0,0,0,0,0,0,1
0,0,0,0,0,0,0,0,0,0,0,1
0,0,0,0,0,0,0,0,0,0,0,1
0,0,0,0,0,0,0,0,0,0,0,1
1,6,0,1,1,1,2,0,0,2,4,1
0,0,0,0,0,0,0,0,0,0,0,1
0,3,1,0,1,0,0,0,0,1,0,1
0,0,0,0,0,0,0,0,0,0,0,1
0,0,0,0,0,0,0,0,0,0,0,1
0,0,0,0,0,0,0,0,0,0,0,1
0,1,0,0,0,0,0,0,0,1,5,1
0,0,0,0,0,0,0,0,0,0,0,1
0,0,0,0,0,0,0,0,0,0,0,1
0,3,1,0,1,0,2,0,0,1,3,1
0,3,1,1,0,0,0,0,0,1,11,1
0,11,2,0,4,0,0,4,0,7,15,1
0,0,0,0,0,0,0,0,0,0,0,1
0,0,0,0,0,0,0,0,0,0,0,1
0,0,0,0,0,0,0,0,0,0,0,1
0,10,1,2,4,0,0,0,0,3,7,1
0,0,0,0,0,0,0,0,0,0,0,0
0,0,0,0,0,0,0,0,0,0,0,1
0,2,1,1,0,0,0,0,0,1,11,1
0,10,3,3,4,0,0,1,0,6,13,1
0,1,0,0,0,0,0,2,0,1,6,1
0,0,0,0,0,0,0,0,0,0,0,1
0,3,1,0,1,0,0,0,0,1,0,1
0,0,0,0,0,0,0,0,0,0,0,1
0,0,0,0,0,0,0,0,0,0,0,0
0,0,0,0,0,0,0,0,0,0,0,1
1,32,24,24,27,0,0,0,0,26,4,1
0,0,0,0,0,0,0,0,0,0,0,1
0,0,0,0,0,0,0,0,0,0,0,0
0,0,0,0,0,0,0,0,0,0,0,1
0,0,0,0,0,0,0,0,0,0,0,0
0,0,0,0,0,0,0,0,0,0,0,1
0,11,1,0,1,0,0,0,0,10,1,1
0,0,0,0,0,0,0,0,0,0,0,1
0,3,1,1,0,0,0,0,0,1,11,1
0,0,0,0,0,0,0,0,0,0,0,1
0,0,0,0,0,0,0,0,0,0,0,1
0,0,0,0,0,0,0,0,0,0,0,1
0,2,2,0,0,0,0,0,0,1,0,1
0,3,0,0,0,2,2,0,0,0,8,1
0,0,0,0,0,0,0,0,0,0,0,1
0,3,1,0,1,0,0,0,0,1,4,1
0,4,0,0,4,0,0,0,0,0,7,1
0,0,0,0,0,0,0,0,0,0,0,1
0,0,0,0,0,0,0,0,0,0,0,1
0,4,0,0,4,0,0,0,0,0,9,1
0,0,0,0,0,0,0,0,0,0,0,1
0,1,1,0,0,0,0,0,0,1,1,1
0,0,0,0,0,0,0,0,0,0,0,1
0,0,0,0,0,0,0,0,0,0,0,1
0,1,0,0,0,0,0,0,0,0,12,1
0,0,0,0,0,0,0,0,0,0,0,1
0,3,1,1,0,0,0,0,0,1,11,1
0,0,0,0,0,0,0,0,0,0,0,0
0,0,0,0,0,0,0,0,0,0,0,1
0,0,0,0,0,0,0,0,0,0,0,1
0,8,1,2,4,0,0,0,0,1,6,1
0,0,0,0,0,0,0,0,0,0,0,1
0,0,0,0,0,0,0,0,0,0,0,0
0,0,0,0,0,0,0,0,0,0,0,0
0,0,0,0,0,0,0,0,0,0,0,0
0,0,0,0,0,0,0,0,0,0,0,0
1,35,5,6,10,2,0,4,1,20,22,1
0,0,0,0,0,0,0,0,0,0,0,1
0,124,2,0,114,0,0,0,0,10,6,1
0,0,0,0,0,0,0,0,0,0,0,1
0,0,0,0,0,0,0,0,0,0,0,1
0,2,0,0,0,0,0,1,0,2,8,1
0,0,0,0,0,0,0,0,0,0,0,1
0,0,0,0,0,0,0,0,0,0,0,1
0,0,0,0,0,0,0,0,0,0,0,1
0,0,0,0,0,0,0,0,0,0,0,1
18,16,1,1,6,1,0,26,0,1,16,1
0,0,0,0,0,0,0,0,0,0,0,1
0,0,0,0,0,0,0,0,0,0,0,1
0,0,0,0,0,0,0,0,0,0,0,1
0,0,0,0,0,0,0,0,0,0,0,1
1,1,1,0,0,0,0,0,0,1,2,1
0,0,0,0,0,0,0,0,0,0,0,1
0,9,3,1,2,0,0,1,0,6,18,1
0,0,0,0,0,0,0,0,0,0,0,0
0,0,0,0,0,0,0,0,0,0,0,1
0,0,0,0,0,0,0,0,0,0,0,1
0,0,0,0,0,0,0,0,0,0,0,1
0,0,0,0,0,0,0,0,0,0,0,1
0,0,0,0,0,0,0,0,0,0,0,1
0,0,0,0,0,0,0,0,0,0,0,1
0,0,0,0,0,0,0,0,0,0,0,1
0,3,1,1,0,0,0,0,0,1,12,1
0,3,0,0,2,1,0,0,0,0,7,1
0,0,0,0,0,0,0,0,0,0,0,1
0,0,0,0,0,0,0,0,0,0,0,1
0,1,1,0,0,0,0,0,0,1,1,1
0,0,0,0,0,0,0,0,0,0,0,1
0,0,0,0,0,0,0,0,0,0,0,0
0,5,1,1,2,1,2,7,0,1,18,1
0,0,0,0,0,0,0,0,0,0,0,1
1,0,0,0,0,0,0,0,0,0,0,1
0,0,0,0,0,0,0,0,0,0,0,1
0,0,0,0,0,0,0,0,0,0,0,1
0,11,2,0,4,0,0,4,0,7,15,1
0,0,0,0,0,0,0,0,0,0,0,1
0,1,1,0,0,0,0,0,0,1,11,1
0,0,0,0,0,0,0,0,0,0,0,1
0,0,0,0,0,0,0,0,0,0,0,1
0,0,0,0,0,0,0,0,0,0,0,1
0,0,0,0,0,0,0,0,0,0,0,1
0,0,0,0,0,0,0,0,0,0,0,1
0,0,0,0,0,0,0,0,0,0,0,1
0,27,14,3,7,0,0,1,0,22,16,1
0,3,1,1,0,0,0,0,0,1,11,1
0,0,0,0,0,0,0,0,0,0,0,1
0,0,0,0,0,0,0,0,0,0,0,1
0,0,0,0,0,0,0,0,0,0,0,1
0,0,0,0,0,0,0,0,0,0,0,1
0,0,0,0,0,0,0,0,0,0,0,0
0,4,0,0,0,0,0,0,0,3,8,1
0,0,0,0,0,0,0,0,0,0,0,0
0,0,0,0,0,0,0,0,0,0,0,1
0,0,0,0,0,0,0,0,0,0,0,1
0,3,1,1,0,0,0,0,0,1,11,1
0,0,0,0,0,0,0,0,0,0,0,1
0,0,0,0,0,0,0,0,0,0,0,1
0,0,0,0,0,0,0,0,0,0,0,1
0,0,0,0,0,0,0,0,0,0,0,1
0,0,0,0,0,0,0,0,0,0,0,1
1,13,0,0,11,0,4,9,0,3,6,1
0,0,0,0,0,0,0,0,0,0,0,1
0,2,0,1,0,0,0,0,0,1,1,1
0,4,0,0,0,0,0,0,0,0,0,1
18,8,2,1,4,1,0,102,0,2,21,1
0,0,0,0,0,0,0,0,0,0,0,1
0,0,0,0,0,0,0,0,0,0,0,1
0,0,0,0,0,0,0,0,0,0,0,1
0,0,0,0,0,0,0,0,0,0,0,1
0,0,0,0,0,0,0,0,0,0,0,1
0,0,0,0,0,0,0,0,0,0,1,1
0,0,0,0,0,0,0,0,0,0,0,0
0,1,1,0,0,0,0,0,0,1,2,1
0,0,0,0,0,0,0,0,0,0,0,1
1,0,0,0,0,0,0,0,0,0,2,1
0,0,0,0,0,0,0,0,0,0,0,1
0,0,0,0,0,0,0,0,0,0,0,0
9,6,2,0,0,0,0,7,0,4,28,1
0,0,0,0,0,0,0,0,0,0,0,1
1,1,0,0,0,0,0,0,0,1,5,1
0,0,0,0,0,0,0,0,0,0,0,1
0,0,0,0,0,0,0,0,0,0,0,0
0,0,0,0,0,0,0,0,0,0,0,1
0,0,0,0,0,0,0,0,0,0,0,1
0,0,0,0,0,0,0,0,0,0,0,1
1,6,0,1,1,1,2,0,0,2,4,1
0,1,1,0,0,0,0,0,0,1,1,1
0,0,0,0,0,0,0,0,0,0,0,1
0,0,0,0,0,0,0,0,0,0,0,1
0,0,0,0,0,0,0,0,0,0,0,1
0,0,0,0,0,0,0,0,0,0,0,1
0,19,4,2,1,1,0,1,0,14,15,1
0,0,0,0,0,0,0,0,0,0,0,1
0,0,0,0,0,0,0,0,0,0,0,1
0,0,0,0,0,0,0,0,0,0,0,1
0,0,0,0,0,0,0,0,0,0,0,0
0,4,1,1,0,0,0,0,0,1,5,1
0,0,0,0,0,0,0,0,0,0,0,1
0,0,0,0,0,0,0,0,0,0,0,1
0,0,0,0,0,0,0,0,0,0,0,1
0,0,0,0,0,0,0,0,0,0,0,1
0,0,0,0,0,0,0,0,0,0,0,1
0,1,1,0,0,0,0,0,0,1,0,1
0,1,1,0,0,0,0,0,0,1,20,1
0,0,0,0,0,0,0,0,0,0,0,1
0,11,1,2,4,0,0,0,0,3,7,1
0,0,0,0,0,0,0,0,0,0,0,1
0,3,1,0,1,0,0,0,0,1,4,1
0,0,0,0,0,0,0,0,0,0,0,1
0,0,0,0,0,0,0,0,0,0,0,1
0,0,0,0,0,0,0,0,0,0,0,1
0,0,0,0,0,0,0,0,0,0,0,1
0,0,0,0,0,0,0,0,0,0,0,1
1,5,0,1,1,1,2,0,0,1,10,1
0,0,0,0,0,0,0,0,0,0,0,1
0,0,0,0,0,0,0,0,0,0,0,1
0,9,1,0,4,0,0,0,0,2,9,1
0,3,1,0,0,0,0,0,0,3,3,1
0,2,1,1,0,0,0,0,0,1,3,1
0,2,1,0,0,0,0,0,0,2,19,1
0,0,0,0,0,0,0,0,0,0,0,1
0,0,0,0,0,0,0,0,0,0,0,1
0,0,0,0,0,0,0,0,0,0,0,1
0,0,0,0,0,0,0,0,0,0,0,0
0,0,0,0,0,0,0,0,0,0,0,1
0,0,0,0,0,0,0,0,0,0,0,1
0,0,0,0,0,0,0,0,0,0,2,1
0,0,0,0,0,0,0,0,0,0,0,1
0,0,0,0,0,0,0,0,0,0,0,1
0,0,0,0,0,0,0,0,0,0,0,0
0,0,0,0,0,0,0,0,0,0,0,1
0,3,3,0,0,0,0,0,0,3,0,1
0,2,0,0,0,0,0,0,0,1,5,1
0,0,0,0,0,0,0,0,0,0,0,1
0,0,0,0,0,0,0,0,0,0,0,1
0,0,0,0,0,0,0,0,0,0,0,0
0,0,0,0,0,0,0,0,0,0,0,1
0,11,1,2,4,0,0,0,0,3,8,1
0,239,1,0,0,0,0,0,0,239,3,1
1,4,1,0,1,0,0,11,0,2,23,1
0,0,0,0,0,0,0,0,0,0,0,1
0,0,0,0,0,0,0,0,0,0,1,1
0,0,0,0,0,0,0,0,0,0,0,1
0,0,0,0,0,0,0,0,0,0,1,1
0,0,0,0,0,0,0,0,0,0,0,1
0,0,0,0,0,0,0,0,0,0,0,1
0,0,0,0,0,0,0,0,0,0,0,1
0,0,0,0,0,0,0,0,0,0,0,0
0,0,0,0,0,0,0,0,0,0,0,0
0,0,0,0,0,0,0,0,0,0,0,0
0,0,0,0,0,0,0,0,0,0,0,1
1,31,1,1,18,2,2,1,0,7,31,1
0,0,0,0,0,0,0,0,0,0,0,1
2,3,1,0,0,0,0,0,0,2,9,1
0,0,0,0,0,0,0,0,0,0,0,0
0,0,0,0,0,0,0,0,0,0,0,1
0,0,0,0,0,0,0,0,0,0,0,1
0,3,1,1,0,0,0,0,0,1,11,1
0,0,0,0,0,0,0,0,0,0,0,1
0,0,0,0,0,0,0,0,0,0,0,1
0,0,0,0,0,0,0,0,0,0,0,1
0,0,0,0,0,0,0,0,0,0,0,1
0,6,0,0,0,0,0,0,0,0,0,1
0,5,1,1,2,1,2,7,0,1,18,1
0,0,0,0,0,0,0,0,0,0,0,1
0,9,2,1,5,0,0,1,0,3,9,1
0,3,1,0,1,0,0,0,0,1,4,1
0,0,0,0,0,0,0,0,0,0,0,1
0,0,0,0,0,0,0,0,0,0,0,1
0,3,1,1,0,0,0,0,0,1,11,1
0,8,1,0,4,0,0,0,0,4,12,1
0,9,1,2,4,0,0,0,0,3,7,1
0,0,0,0,0,0,0,0,0,0,0,1
0,0,0,0,0,0,0,0,0,0,0,0
0,0,0,0,0,0,0,0,0,0,0,1
0,0,0,0,0,0,0,0,0,0,0,1
0,0,0,0,0,0,0,0,0,0,0,1
0,10,1,2,4,0,0,0,0,3,7,1
0,0,0,0,0,0,0,0,0,0,0,0
0,0,0,0,0,0,0,0,0,0,0,1
0,0,0,0,0,0,0,0,0,0,0,1
0,13,1,0,3,0,0,0,0,3,9,1
0,0,0,0,0,0,0,0,0,0,0,1
0,0,0,0,0,0,0,0,0,0,0,1
0,0,0,0,0,0,0,0,0,0,0,1
0,0,0,0,0,0,0,0,0,0,0,0
0,0,0,0,0,0,0,0,0,0,0,0
0,0,0,0,0,0,0,0,0,0,0,0
0,0,0,0,0,0,0,0,0,0,0,0
0,0,0,0,0,0,0,0,0,0,0,1
0,0,0,0,0,0,0,0,0,0,0,1
0,0,0,0,0,0,0,0,0,0,0,1
0,0,0,0,0,0,0,0,0,0,0,1
1,0,0,0,0,0,0,0,0,0,0,1
0,25,7,5,4,0,66,4,0,12,15,1
0,0,0,0,0,0,0,12,0,0,7,1
0,0,0,0,0,0,0,0,0,0,0,1
0,2,0,0,0,0,0,0,0,0,0,1
0,0,0,0,0,0,0,0,0,0,0,1
0,0,0,0,0,0,0,0,0,0,0,1
0,1,1,0,0,0,0,0,0,1,0,1
0,0,0,0,0,0,0,0,0,0,1,1
0,4,0,0,4,0,0,0,0,0,3,1
0,0,0,0,0,0,0,0,0,0,0,1
0,0,0,0,0,0,0,0,0,0,0,1
0,0,0,0,0,0,0,0,0,0,0,1
0,0,0,0,0,0,0,0,0,0,0,1
0,4,0,0,4,0,0,0,0,0,2,1
0,37,2,0,3,0,0,0,0,10,17,1
0,0,0,0,0,0,0,6,0,0,3,1
0,0,0,0,0,0,0,0,0,0,0,1
0,8,0,0,6,1,0,0,0,0,7,1
0,0,0,0,0,0,0,0,0,0,0,0
0,19,1,0,8,0,0,0,0,7,17,1
0,0,0,0,0,0,0,0,0,0,0,1
0,0,0,0,0,0,0,0,0,0,0,1
0,1,1,0,0,0,0,0,0,1,2,1
0,1,0,0,1,0,0,0,0,0,0,1
0,0,0,0,0,0,0,0,0,0,0,1
0,2,0,0,0,0,0,0,0,0,0,1
3,25,15,2,9,0,0,3,4,21,23,1
0,0,0,0,0,0,0,0,0,0,0,1
0,1,0,0,0,0,0,12,0,1,8,1
0,0,0,0,0,0,0,0,0,0,0,1
0,1,1,0,0,0,0,0,0,1,1,1
0,0,0,0,0,0,0,0,0,0,0,0
0,0,0,0,0,0,0,0,0,0,0,1
0,0,0,0,0,0,0,0,0,0,0,0
0,1,1,0,0,0,0,0,0,1,1,1
0,15,15,0,0,0,0,0,0,15,0,1
0,0,0,0,0,0,0,0,0,0,0,1
0,0,0,0,0,0,0,0,0,0,0,1
0,0,0,0,0,0,0,0,0,0,0,0
1,269,0,0,269,0,0,0,0,0,18,1
0,3,1,1,0,0,0,0,0,1,11,1
0,3,1,0,1,0,0,0,0,1,4,1
0,0,0,0,0,0,0,0,0,0,0,0
0,0,0,0,0,0,0,0,0,0,0,0
0,22,1,0,8,3,0,0,0,7,16,1
0,5,2,1,0,1,0,0,0,3,14,1
0,0,0,0,0,0,0,0,0,0,0,1
0,9,1,0,1,0,0,0,0,8,1,1
0,0,0,0,0,0,0,0,0,0,0,1
0,12,1,0,3,0,0,0,0,2,9,1
0,0,0,0,0,0,0,0,0,0,0,0
0,1,1,0,0,0,0,0,0,1,9,1
0,0,0,0,0,0,0,0,0,0,0,1
0,0,0,0,0,0,0,0,0,0,0,1
0,2,0,1,0,0,2,0,0,1,1,1
0,3,1,0,1,0,0,0,0,1,4,1
0,1,1,0,0,0,0,0,0,1,0,1
0,0,0,0,0,0,0,0,0,0,0,1
0,4,0,0,4,0,0,0,0,0,7,1
1,6,1,1,4,0,0,0,0,2,7,1
0,0,0,0,0,0,0,0,0,0,0,0
0,3,1,1,0,0,0,0,0,1,11,1
0,0,0,0,0,0,0,0,0,0,0,1
1,4,0,1,1,0,0,1,0,1,8,1
0,0,0,0,0,0,0,0,0,0,0,1
0,0,0,0,0,0,0,0,0,0,1,1
0,0,0,0,0,0,0,0,0,0,0,1
0,10,3,3,3,0,0,1,0,6,13,1
0,0,0,0,0,0,0,0,0,0,0,0
0,0,0,0,0,0,0,0,0,0,0,1
0,0,0,0,0,0,0,0,0,0,0,1
0,0,0,0,0,0,0,0,0,0,0,0
0,0,0,0,0,0,0,0,0,0,0,0
0,0,0,0,0,0,0,0,0,0,0,0
0,0,0,0,0,0,0,0,0,0,0,1
0,0,0,0,0,0,0,0,0,0,0,1
0,0,0,0,0,0,0,0,0,0,0,1
0,0,0,0,0,0,0,0,0,0,0,0
0,0,0,0,0,0,0,0,0,0,0,1
0,0,0,0,0,0,0,0,0,0,0,1
0,0,0,0,0,0,0,0,0,0,0,0
0,0,0,0,0,0,0,0,0,0,0,1
0,0,0,0,0,0,0,0,0,0,0,1
0,0,0,0,0,0,0,0,0,0,0,0
0,0,0,0,0,0,0,0,0,0,0,1
1,6,0,1,1,1,2,0,0,2,4,1
0,0,0,0,0,0,0,0,0,0,0,1
0,0,0,0,0,0,0,0,0,0,0,1
0,26,7,5,4,0,66,4,0,12,16,1
0,0,0,0,0,0,0,0,0,0,0,1
0,0,0,0,0,0,0,0,0,0,0,1
0,0,0,0,0,0,0,0,0,0,0,0
0,0,0,0,0,0,0,0,0,0,0,1
0,0,0,0,0,0,0,0,0,0,0,1
0,0,0,0,0,0,0,0,0,0,0,1
0,0,0,0,0,0,0,0,0,0,0,1
0,0,0,0,0,0,0,0,0,0,0,0
0,3,1,1,0,0,0,0,0,1,11,1
0,1,0,0,0,0,0,0,0,1,3,1
2,35,2,1,19,3,0,4,0,9,37,1
0,1,1,0,0,0,0,0,0,1,0,1
0,0,0,0,0,0,0,0,0,0,0,0
0,0,0,0,0,0,0,0,0,0,0,1
0,0,0,0,0,0,0,0,0,0,0,1
0,0,0,0,0,0,0,0,0,0,0,0
0,13,2,1,7,1,2,0,0,4,19,1
0,0,0,0,0,0,0,0,0,0,0,1
0,19,4,2,1,1,0,1,0,14,10,1
0,3,0,0,1,0,0,0,0,1,4,1
0,0,0,0,0,0,0,0,0,0,0,1
0,3,1,1,0,0,0,0,0,1,12,1
0,0,0,0,0,0,0,0,0,0,0,1
0,16,1,0,7,0,0,0,0,5,16,1
0,0,0,0,0,0,0,0,0,0,0,1
0,0,0,0,0,0,0,0,0,0,0,1
0,0,0,0,0,0,0,0,0,0,0,0
0,0,0,0,0,0,0,0,0,0,0,1
0,0,0,0,0,0,0,0,0,0,0,0
0,0,0,0,0,0,0,0,0,0,0,1
0,3,1,0,1,0,0,0,0,1,4,1
0,2,1,0,0,0,0,0,0,2,1,1
0,1,0,0,0,0,0,0,0,0,9,1
0,0,0,0,0,0,0,0,0,0,0,1
0,0,0,0,0,0,0,0,0,0,0,1
0,2,1,0,0,0,0,0,0,2,19,1
1,0,0,0,0,0,0,13,0,0,11,1
0,0,0,0,0,0,0,0,0,0,0,1
0,0,0,0,0,0,0,0,0,0,0,1
0,0,0,0,0,0,0,0,0,0,1,1
0,0,0,0,0,0,0,0,0,0,0,0
0,0,0,0,0,0,0,0,0,0,0,1
0,0,0,0,0,0,0,0,0,0,0,1
0,0,0,0,0,0,0,0,0,0,0,1
0,0,0,0,0,0,0,0,0,0,0,0
0,0,0,0,0,0,0,0,0,0,0,1
0,0,0,0,0,0,0,0,0,0,0,1
0,0,0,0,0,0,0,0,0,0,0,1
0,0,0,0,0,0,0,0,0,0,0,1
0,0,0,0,0,0,0,0,0,0,0,1
0,0,0,0,0,0,0,0,0,0,0,0
0,8,2,2,1,0,2,1,0,5,10,1
0,0,0,0,0,0,0,0,0,0,0,0
0,0,0,0,0,0,0,0,0,0,0,1
0,1,1,0,0,0,0,0,0,1,0,1
0,0,0,0,0,0,0,0,0,0,0,0
0,0,0,0,0,0,0,0,0,0,0,1
0,1,1,0,0,0,0,0,0,1,0,1
0,0,0,0,0,0,0,0,0,0,0,1
0,0,0,0,0,0,0,0,0,0,0,1
0,0,0,0,0,0,0,0,0,0,0,1
0,0,0,0,0,0,0,0,0,0,0,1
0,0,0,0,0,0,0,0,0,0,0,0
0,0,0,0,0,0,0,0,0,0,0,0
0,0,0,0,0,0,0,0,0,0,0,1
0,0,0,0,0,0,0,0,0,0,0,1
1,2,1,0,0,0,0,0,0,2,3,1
0,3,1,1,0,0,0,0,0,1,13,1
0,0,0,0,0,0,0,0,0,0,0,0
0,0,0,0,0,0,0,0,0,0,0,1
0,0,0,0,0,0,0,0,0,0,0,0
0,6,1,1,4,0,0,0,0,2,7,1
0,2,1,1,0,0,0,0,0,1,10,1
0,4,1,1,0,0,0,0,0,2,12,1
0,0,0,0,0,0,0,0,0,0,0,1
0,0,0,0,0,0,0,0,0,0,0,1
0,0,0,0,0,0,0,0,0,0,0,1
0,0,0,0,0,0,0,0,0,0,0,1
0,60,9,9,5,1,72,31,0,16,30,1
0,0,0,0,0,0,0,0,0,0,0,1
0,4,0,0,4,0,0,0,0,0,6,1
0,0,0,0,0,0,0,0,0,0,0,1
0,0,0,0,0,0,0,0,0,0,0,1
0,0,0,0,0,0,0,0,0,0,0,1
0,1,1,0,0,0,0,0,0,1,1,1
0,0,0,0,0,0,0,0,0,0,0,1
0,1,0,0,0,0,0,0,0,1,7,1
1,12,10,2,0,1,2,0,0,10,3,1
0,0,0,0,0,0,0,0,0,0,0,1
1,1,0,0,0,0,0,0,0,1,1,1
0,0,0,0,0,0,0,0,0,0,0,0
0,0,0,0,0,0,0,0,0,0,0,1
0,1,1,0,0,0,0,0,0,1,0,1
0,0,0,0,0,0,0,0,0,0,0,0
2,5,1,1,0,3,0,0,0,1,1,1
0,0,0,0,0,0,0,0,0,0,0,1
0,0,0,0,0,0,0,0,0,0,0,1
0,0,0,0,0,0,0,0,0,0,0,1
1,9,1,1,4,0,0,0,0,3,4,1
0,0,0,0,0,0,0,0,0,0,0,1
0,9,1,2,4,0,0,0,0,3,7,1
0,0,0,0,0,0,0,0,0,0,0,1
0,0,0,0,0,0,0,0,0,0,0,1
0,0,0,0,0,0,0,0,0,0,0,1
0,0,0,0,0,0,0,0,0,0,0,0
0,0,0,0,0,0,0,0,0,0,0,0
1,1,0,0,0,0,0,0,0,1,7,1
0,0,0,0,0,0,0,0,0,0,0,0
0,4,0,0,0,0,2,0,0,1,5,1
0,0,0,0,0,0,0,0,0,0,0,1
0,0,0,0,0,0,0,0,0,0,0,1
0,0,0,0,0,0,0,0,0,0,0,0
0,1,0,0,0,0,0,0,0,1,6,1
0,0,0,0,0,0,0,0,0,0,0,1
0,0,0,0,0,0,0,0,0,0,0,1
0,0,0,0,0,0,0,0,0,0,9,1
0,0,0,0,0,0,0,0,0,0,0,1
0,0,0,0,0,0,0,0,0,0,0,1
0,2,0,0,0,0,0,0,0,0,0,1
0,0,0,0,0,0,0,0,0,0,0,1
0,0,0,0,0,0,0,0,0,0,0,1
1,5,1,1,0,3,0,0,0,1,0,1
0,0,0,0,0,0,0,0,0,0,0,1
0,1,1,0,0,0,0,0,0,1,0,1
2,50,4,1,33,1,0,0,0,12,55,1
0,0,0,0,0,0,0,0,0,0,0,0
0,0,0,0,0,0,0,0,0,0,0,0
0,0,0,0,0,0,0,0,0,0,0,1
0,0,0,0,0,0,0,0,0,0,0,0
0,59,9,9,5,0,70,31,0,16,30,1
0,1,0,0,0,0,0,0,0,1,10,1
0,0,0,0,0,0,0,0,0,0,0,1
0,0,0,0,0,0,0,0,0,0,0,1
0,1,1,0,0,0,0,0,0,1,0,1
0,0,0,0,0,0,0,0,0,0,0,0
0,1,1,0,0,0,0,0,0,1,1,1
0,0,0,0,0,0,0,0,0,0,0,1
0,3,1,0,1,0,0,0,0,1,0,1
0,0,0,0,0,0,0,0,0,0,0,1
0,0,0,0,0,0,0,0,0,0,0,1
0,0,0,0,0,0,0,0,0,0,0,1
0,0,0,0,0,0,0,0,0,0,0,1
0,0,0,0,0,0,0,0,0,0,0,0
0,0,0,0,0,0,0,0,0,0,0,1
0,0,0,0,0,0,0,0,0,0,0,0
0,0,0,0,0,0,0,0,0,0,0,1
0,0,0,0,0,0,0,0,0,0,0,1
0,0,0,0,0,0,0,0,0,0,0,1
0,0,0,0,0,0,0,0,0,0,0,1
0,0,0,0,0,0,0,0,0,0,0,1
0,0,0,0,0,0,0,0,0,0,0,0
0,0,0,0,0,0,0,0,0,0,0,1
0,1,0,0,0,0,0,0,0,1,7,1
0,0,0,0,0,0,0,0,0,0,0,1
0,0,0,0,0,0,0,0,0,0,0,1
0,0,0,0,0,0,0,0,0,0,0,0
0,0,0,0,0,0,0,0,0,0,0,1
0,0,0,0,0,0,0,0,0,0,0,1
0,3,1,1,0,0,0,0,0,1,11,1
0,3,0,0,0,0,0,0,0,0,0,1
0,0,0,0,0,0,0,0,0,0,0,1
0,0,0,0,0,0,0,0,0,0,0,1
0,1,1,0,0,0,0,0,0,1,2,1
0,2,1,0,0,0,0,0,0,2,14,1
0,0,0,0,0,0,0,0,0,0,0,1
0,0,0,0,0,0,0,0,0,0,7,1
0,7,1,2,1,2,0,0,0,5,9,1
0,0,0,0,0,0,0,0,0,0,0,1
12,46,3,8,28,1,0,30,8,19,48,1
0,0,0,0,0,0,0,0,0,0,0,1
0,0,0,0,0,0,0,0,0,0,0,0
0,0,0,0,0,0,0,0,0,0,0,1
0,0,0,0,0,0,0,0,0,0,0,1
0,10,3,3,3,0,0,1,0,6,13,1
0,0,0,0,0,0,0,0,0,0,1,1
0,0,0,0,0,0,0,0,0,0,0,1
0,0,0,0,0,0,0,0,0,0,0,0
2,16,1,2,8,1,2,2,0,3,26,1
0,0,0,0,0,0,0,0,0,0,0,1
0,0,0,0,0,0,0,0,0,0,0,0
0,0,0,0,0,0,0,0,0,0,0,1
0,1,0,0,0,0,0,0,0,0,4,1
0,0,0,0,0,0,0,0,0,0,0,1
0,1,1,0,0,0,0,0,0,1,0,1
0,0,0,0,0,0,0,0,0,0,0,1
0,0,0,0,0,0,0,0,0,0,0,1
0,0,0,0,0,0,0,0,0,0,0,0
0,0,0,0,0,0,0,0,0,0,0,0
0,0,0,0,0,0,0,0,0,0,0,0
0,1,1,0,0,0,0,0,0,1,3,1
0,0,0,0,0,0,0,0,0,0,0,1
0,0,0,0,0,0,0,0,0,0,0,1
0,0,0,0,0,0,0,0,0,0,0,1
0,0,0,0,0,0,0,0,0,0,0,0
0,0,0,0,0,0,0,0,0,0,0,1
0,0,0,0,0,0,0,0,0,0,0,1
0,6,0,0,0,0,0,0,0,0,0,1
0,0,0,0,0,0,0,0,0,0,0,0
0,1,1,0,0,0,0,0,0,1,1,1
0,0,0,0,0,0,0,0,0,0,0,1
0,0,0,0,0,0,0,0,0,0,0,1
0,1,0,0,0,0,0,0,0,0,5,1
0,0,0,0,0,0,0,0,0,0,0,1
0,0,0,0,0,0,0,0,0,0,0,1
0,0,0,0,0,0,0,0,0,0,0,0
0,3,0,0,0,0,2,3,0,0,0,1
0,0,0,0,0,0,0,0,0,0,0,1
0,0,0,0,0,0,0,0,0,0,0,0
0,0,0,0,0,0,0,0,0,0,0,0
0,0,0,0,0,0,0,0,0,0,0,1
0,0,0,0,0,0,0,0,0,0,0,0
0,0,0,0,0,0,0,0,0,0,0,1
0,0,0,0,0,0,0,0,0,0,0,1
0,0,0,0,0,0,0,0,0,0,0,1
0,0,0,0,0,0,0,0,0,0,0,1
0,0,0,0,0,0,0,0,0,0,0,1
0,0,0,0,0,0,0,0,0,0,0,1
0,0,0,0,0,0,0,0,0,0,0,1
0,0,0,0,0,0,0,0,0,0,0,1
0,2,0,0,0,0,0,0,0,0,0,1
1,14,1,4,0,0,2,16,0,4,20,1
0,1,1,0,0,0,0,0,0,1,0,1
0,0,0,0,0,0,0,0,0,0,0,1
0,22,5,5,6,0,0,7,0,13,12,1
0,0,0,0,0,0,0,0,0,0,0,1
0,0,0,0,0,0,0,0,0,0,0,1
0,0,0,0,0,0,0,0,0,0,0,1
0,0,0,0,0,0,0,0,0,0,0,1
0,0,0,0,0,0,0,0,0,0,0,1
0,0,0,0,0,0,0,0,0,0,0,1
0,3,1,1,0,0,0,0,0,1,11,1
0,3,1,1,0,0,0,0,0,1,11,1
0,0,0,0,0,0,0,0,0,0,0,1
0,8,0,0,6,1,0,0,0,0,9,1
0,0,0,0,0,0,0,0,0,0,0,1
0,0,0,0,0,0,0,0,0,0,0,1
0,0,0,0,0,0,0,0,0,0,0,1
0,0,0,0,0,0,0,0,0,0,0,1
0,0,0,0,0,0,0,0,0,0,0,1
0,0,0,0,0,0,0,0,0,0,0,1
0,0,0,0,0,0,0,0,0,0,0,0
0,2,1,0,0,0,0,0,0,2,1,1
0,2,1,0,0,0,0,0,0,2,14,1
0,26,14,3,6,0,0,1,0,22,16,1
0,0,0,0,0,0,0,0,0,0,0,1
0,3,1,0,0,0,0,0,0,2,3,1
0,1,1,0,0,0,0,0,0,1,1,1
1,0,0,0,0,0,0,13,0,0,8,1
0,1,1,0,0,0,0,0,0,1,11,1
0,1,0,0,0,0,0,0,0,0,7,1
0,0,0,0,0,0,0,0,0,0,0,0
0,0,0,0,0,0,0,0,0,0,0,0
0,0,0,0,0,0,0,0,0,0,0,1
0,0,0,0,0,0,0,0,0,0,0,1
0,1,1,0,0,0,0,0,0,1,1,1
0,0,0,0,0,0,0,0,0,0,0,1
0,0,0,0,0,0,0,0,0,0,0,1
0,0,0,0,0,0,0,0,0,0,0,0
0,0,0,0,0,0,0,0,0,0,0,1
0,0,0,0,0,0,0,0,0,0,0,1
0,1,1,0,0,0,0,0,0,1,1,1
3,33,13,1,12,1,2,2,4,21,25,1
0,0,0,0,0,0,0,0,0,0,0,0
1,25,0,0,0,0,0,0,0,0,3,1
0,0,0,0,0,0,0,0,0,0,0,1
0,0,0,0,0,0,0,0,0,0,0,0
0,1,1,0,0,0,0,0,0,1,1,1
0,0,0,0,0,0,0,0,0,0,0,1
0,0,0,0,0,0,0,0,0,0,0,1
0,0,0,0,0,0,0,0,0,0,0,1
0,0,0,0,0,0,0,0,0,0,0,0
0,0,0,0,0,0,0,0,0,0,1,1
0,0,0,0,0,0,0,0,0,0,0,0
0,0,0,0,0,0,0,0,0,0,0,1
0,0,0,0,0,0,0,0,0,0,0,0
0,0,0,0,0,0,0,0,0,0,1,1
0,0,0,0,0,0,0,0,0,0,0,1
0,56,1,0,29,6,0,0,0,18,41,1
0,0,0,0,0,0,0,0,0,0,0,1
0,0,0,0,0,0,0,12,0,0,7,1
0,0,0,0,0,0,0,0,0,0,1,1
0,0,0,0,0,0,0,0,0,0,0,1
0,0,0,0,0,0,0,0,0,0,0,1
0,0,0,0,0,0,0,0,0,0,0,0
0,0,0,0,0,0,0,0,0,0,0,1
0,0,0,0,0,0,0,0,0,0,0,0
0,0,0,0,0,0,0,0,0,0,0,0
0,0,0,0,0,0,0,0,0,0,0,1
0,0,0,0,0,0,0,0,0,0,1,1
0,1,1,0,0,0,0,0,0,1,1,1
0,0,0,0,0,0,0,0,0,0,0,1
0,0,0,0,0,0,0,0,0,0,0,1
0,0,0,0,0,0,0,0,0,0,0,1
0,0,0,0,0,0,0,0,0,0,0,0
0,0,0,0,0,0,0,0,0,0,0,0
0,4,0,0,0,0,2,0,0,1,5,1
0,2,1,0,0,0,0,0,0,1,1,1
0,0,0,0,0,0,0,0,0,0,0,0
0,0,0,0,0,0,0,0,0,0,0,0
0,0,0,0,0,0,0,0,0,0,0,0
0,3,0,1,0,0,0,0,0,1,15,1
0,0,0,0,0,0,0,0,0,0,0,1
0,0,0,0,0,0,0,0,0,0,0,1
0,0,0,0,0,0,0,0,0,0,0,1
0,0,0,0,0,0,0,0,0,0,0,1
0,0,0,0,0,0,0,0,0,0,0,1
1,39,2,1,21,5,0,0,0,12,71,1
0,0,0,0,0,0,0,0,0,0,0,1
0,4,1,0,0,1,0,0,0,2,8,1
0,0,0,0,0,0,0,0,0,0,0,0
0,5,2,2,1,0,0,1,0,3,9,1
0,7,0,2,5,0,0,0,0,2,5,1
0,0,0,0,0,0,0,0,0,0,0,1
0,0,0,0,0,0,0,0,0,0,0,1
0,0,0,0,0,0,0,0,0,0,4,1
0,0,0,0,0,0,0,0,0,0,0,1
0,0,0,0,0,0,0,0,0,0,0,1
0,0,0,0,0,0,0,0,0,0,0,0
0,0,0,0,0,0,0,0,0,0,0,1
0,0,0,0,0,0,0,0,0,0,0,0
0,1,1,0,0,0,0,0,0,1,0,1
0,0,0,0,0,0,0,0,0,0,0,0
0,0,0,0,0,0,0,0,0,0,0,1
0,0,0,0,0,0,0,0,0,0,0,1
0,3,1,1,0,0,0,0,0,1,11,1
0,0,0,0,0,0,0,0,0,0,0,0
0,0,0,0,0,0,0,0,0,0,1,1
0,0,0,0,0,0,0,0,0,0,0,0
0,1,1,0,0,0,0,0,0,1,10,1
0,0,0,0,0,0,0,0,0,0,0,0
2,1,0,0,0,0,0,0,0,1,3,1
0,0,0,0,0,0,0,0,0,0,0,1
0,0,0,0,0,0,0,0,0,0,0,1
0,0,0,0,0,0,0,0,0,0,0,1
0,1,1,0,0,0,0,0,0,1,5,1
0,1,0,0,0,0,0,0,0,1,5,1
0,0,0,0,0,0,0,0,0,0,0,0
0,1,1,0,0,0,0,0,0,1,2,1
0,0,0,0,0,0,0,0,0,0,0,1
0,0,0,0,0,0,0,0,0,0,0,0
0,0,0,0,0,0,0,0,0,0,0,1
0,3,1,0,1,0,0,0,0,1,0,1
0,0,0,0,0,0,0,0,0,0,0,1
0,0,0,0,0,0,0,0,0,0,0,0
0,0,0,0,0,0,0,0,0,0,0,1
0,0,0,0,0,0,0,0,0,0,0,0
0,0,0,0,0,0,0,0,0,0,0,1
0,2,1,0,1,0,0,0,0,1,2,1
1,1,1,0,0,0,0,0,0,1,2,1
0,0,0,0,0,0,0,0,0,0,0,1
0,0,0,0,0,0,0,0,0,0,0,1
0,0,0,0,0,0,0,0,0,0,0,1
0,3,1,1,0,0,0,0,0,1,11,1
0,0,0,0,0,0,0,0,0,0,0,1
0,0,0,0,0,0,0,0,0,0,0,0
0,0,0,0,0,0,0,0,0,0,0,1
0,0,0,0,0,0,0,0,0,0,0,1
0,2,1,0,0,0,0,0,0,1,2,1
0,0,0,0,0,0,0,0,0,0,0,1
0,10,1,2,4,0,0,0,0,3,7,1
0,1,1,0,0,0,0,0,0,1,1,1
0,1,1,0,0,0,0,0,0,1,0,1
0,0,0,0,0,0,0,0,0,0,0,0
1,6,0,1,1,1,2,0,0,2,4,1
0,0,0,0,0,0,0,0,0,0,0,0
0,0,0,0,0,0,0,0,0,0,0,0
0,0,0,0,0,0,0,0,0,0,0,0
0,0,0,0,0,0,0,0,0,0,0,1
0,0,0,0,0,0,0,0,0,0,0,1
0,0,0,0,0,0,0,0,0,0,0,1
0,0,0,0,0,0,0,0,0,0,0,1
0,0,0,0,0,0,0,0,0,0,0,1
0,0,0,0,0,0,0,0,0,0,0,1
0,0,0,0,0,0,0,0,0,0,0,0
0,0,0,0,0,0,0,0,0,0,0,1
0,1,1,0,0,0,0,0,0,1,1,1
0,0,0,0,0,0,0,0,0,0,0,0
0,0,0,0,0,0,0,0,0,0,0,1
0,0,0,0,0,0,0,0,0,0,0,1
0,0,0,0,0,0,0,0,0,0,0,1
0,0,0,0,0,0,0,0,0,0,0,1
0,0,0,0,0,0,0,0,0,0,0,1
0,0,0,0,0,0,0,0,0,0,0,1
0,0,0,0,0,0,0,0,0,0,0,1
0,0,0,0,0,0,0,0,0,0,0,1
0,0,0,0,0,0,0,0,0,0,0,1
0,0,0,0,0,0,0,0,0,0,0,0
0,0,0,0,0,0,0,0,0,0,0,1
0,0,0,0,0,0,0,0,0,0,0,1
0,0,0,0,0,0,0,0,0,0,0,0
0,0,0,0,0,0,0,0,0,0,0,1
0,0,0,0,0,0,0,0,0,0,0,0
0,0,0,0,0,0,0,0,0,0,0,1
0,3,1,1,0,0,0,0,0,1,11,1
0,0,0,0,0,0,0,0,0,0,0,1
0,0,0,0,0,0,0,0,0,0,0,1
0,0,0,0,0,0,0,0,0,0,0,0
0,27,1,0,0,0,0,1,0,2,15,1
0,0,0,0,0,0,0,0,0,0,0,1
0,0,0,0,0,0,0,0,0,0,0,1
0,0,0,0,0,0,0,0,0,0,0,1
0,0,0,0,0,0,0,0,0,0,0,1
0,0,0,0,0,0,0,0,0,0,0,0
0,0,0,0,0,0,0,0,0,0,0,0
0,0,0,0,0,0,0,0,0,0,0,1
0,3,1,1,0,0,0,0,0,1,11,1
0,0,0,0,0,0,0,0,0,0,0,1
0,0,0,0,0,0,0,0,0,0,0,1
0,0,0,0,0,0,0,0,0,0,0,1
0,0,0,0,0,0,0,0,0,0,0,1
0,0,0,0,0,0,0,0,0,0,0,0
0,0,0,0,0,0,0,0,0,0,0,1
0,1,1,0,0,0,0,0,0,1,1,1
0,8,0,0,6,1,0,0,0,0,7,1
0,0,0,0,0,0,0,0,0,0,0,1
0,0,0,0,0,0,0,0,0,0,0,0
0,22,1,0,8,3,0,0,0,7,16,1
0,0,0,0,0,0,0,0,0,0,0,1
0,1,1,0,0,0,0,0,0,1,1,1
1,4,0,0,0,0,0,15,0,3,21,1
0,0,0,0,0,0,0,0,0,0,0,1
0,0,0,0,0,0,0,0,0,0,0,1
0,0,0,0,0,0,0,0,0,0,0,1
0,0,0,0,0,0,0,0,0,0,0,0
0,0,0,0,0,0,0,0,0,0,0,1
0,0,0,0,0,0,0,0,0,0,0,1
0,4,0,1,2,1,0,0,0,0,7,1
1,3,0,0,1,0,2,0,0,2,6,1
0,0,0,0,0,0,0,0,0,0,0,1
0,2,1,0,0,0,0,0,0,2,1,1
0,0,0,0,0,0,0,0,0,0,0,0
1,9,0,0,1,0,0,15,0,8,47,1
0,0,0,0,0,0,0,0,0,0,0,0
0,1,0,0,0,0,0,0,0,1,4,1
0,0,0,0,0,0,0,0,0,0,0,1
0,0,0,0,0,0,0,0,0,0,0,1
0,0,0,0,0,0,0,0,0,0,0,0
0,0,0,0,0,0,0,0,0,0,0,1
0,0,0,0,0,0,0,0,0,0,0,1
0,0,0,0,0,0,0,0,0,0,0,1
1,36,5,6,10,2,0,3,1,20,22,1
0,1,1,0,0,0,0,0,0,1,1,1
0,0,0,0,0,0,0,0,0,0,0,1
0,0,0,0,0,0,0,0,0,0,0,1
0,1,0,0,0,0,0,4,0,1,8,1
0,0,0,0,0,0,0,0,0,0,0,0
0,0,0,0,0,0,0,0,0,0,0,0
0,4,1,0,2,1,2,1,0,1,13,1
0,0,0,0,0,0,0,0,0,0,0,0
1,6,0,1,1,1,2,0,0,2,4,1
0,0,0,0,0,0,0,0,0,0,0,0
1,9,1,1,4,0,0,0,0,3,4,1
0,0,0,0,0,0,0,0,0,0,0,1
0,0,0,0,0,0,0,0,0,0,0,1
0,0,0,0,0,0,0,0,0,0,0,1
0,0,0,0,0,0,0,0,0,0,0,0
0,0,0,0,0,0,0,0,0,0,0,0
0,0,0,0,0,0,0,0,0,0,0,1
0,0,0,0,0,0,0,0,0,0,0,1
0,0,0,0,0,0,0,0,0,0,0,1
0,0,0,0,0,0,0,0,0,0,0,1
0,0,0,0,0,0,0,0,0,0,0,1
0,0,0,0,0,0,0,0,0,0,0,0
0,0,0,0,0,0,0,0,0,0,0,1
0,11,1,2,4,0,0,0,0,3,8,1
0,4,1,0,0,0,2,0,0,2,6,1
0,0,0,0,0,0,0,0,0,0,0,1
0,3,1,1,0,0,0,0,0,1,11,1
0,0,0,0,0,0,0,0,0,0,0,1
0,0,0,0,0,0,0,0,0,0,0,1
0,0,0,0,0,0,0,0,0,0,0,1
19,3,1,1,0,0,0,1517,0,3,18,1
0,0,0,0,0,0,0,0,0,0,0,1
0,8,0,0,6,1,0,0,0,0,7,1
0,13,1,0,3,0,0,0,0,3,9,1
0,1,1,0,0,0,0,0,0,1,2,1
0,0,0,0,0,0,0,0,0,0,0,0
0,0,0,0,0,0,0,0,0,0,0,1
0,0,0,0,0,0,0,0,0,0,0,0
0,0,0,0,0,0,0,0,0,0,0,1
0,0,0,0,0,0,0,0,0,0,0,1
0,0,0,0,0,0,0,0,0,0,0,1
0,1,1,0,0,0,0,0,0,1,2,1
0,5,2,2,1,0,0,1,0,3,8,1
0,0,0,0,0,0,0,0,0,0,0,0
0,0,0,0,0,0,0,0,0,0,0,0
0,0,0,0,0,0,0,0,0,0,0,1
0,0,0,0,0,0,0,0,0,0,0,1
0,0,0,0,0,0,0,0,0,0,0,1
0,0,0,0,0,0,0,0,0,0,0,1
0,0,0,0,0,0,0,0,0,0,0,0
0,0,0,0,0,0,0,0,0,0,0,1
0,0,0,0,0,0,0,0,0,0,0,1
0,0,0,0,0,0,0,0,0,0,0,1
3,0,0,0,0,0,0,0,0,0,0,1
0,11,2,0,4,0,0,4,0,7,15,1
0,0,0,0,0,0,0,0,0,0,0,0
0,0,0,0,0,0,0,0,0,0,0,0
0,0,0,0,0,0,0,0,0,0,0,1
0,0,0,0,0,0,0,0,0,0,0,1
0,0,0,0,0,0,0,0,0,0,0,1
0,9,1,2,4,0,0,0,0,3,7,1
0,0,0,0,0,0,0,0,0,0,0,1
0,0,0,0,0,0,0,0,0,0,0,0
0,1,1,0,0,0,0,0,0,1,3,1
0,0,0,0,0,0,0,0,0,0,0,1
0,0,0,0,0,0,0,0,0,0,0,0
0,0,0,0,0,0,0,0,0,0,0,1
0,2,1,0,0,0,0,0,0,1,3,1
0,0,0,0,0,0,0,0,0,0,0,1
0,0,0,0,0,0,0,0,0,0,0,1
0,0,0,0,0,0,0,0,0,0,0,1
0,0,0,0,0,0,0,0,0,0,0,1
0,0,0,0,0,0,0,0,0,0,0,0
0,2,1,0,0,0,0,0,0,2,19,1
0,0,0,0,0,0,0,0,0,0,0,1
0,32,1,0,0,0,2,2,0,1,6,1
0,2,1,0,0,0,0,0,0,2,1,1
0,3,1,1,0,0,0,0,0,1,11,1
0,30,1,0,17,0,0,0,0,8,21,1
0,0,0,0,0,0,0,0,0,0,0,1
0,0,0,0,0,0,0,0,0,0,0,1
0,0,0,0,0,0,0,0,0,0,1,1
0,0,0,0,0,0,0,0,0,0,0,1
0,0,0,0,0,0,0,0,0,0,0,1
0,0,0,0,0,0,0,0,0,0,0,1
0,0,0,0,0,0,0,0,0,0,0,0
0,0,0,0,0,0,0,0,0,0,0,0
0,1,1,0,0,0,0,0,0,1,0,1
0,3,1,1,0,0,0,0,0,1,11,1
0,41,2,1,17,6,0,3,0,15,37,1
0,0,0,0,0,0,0,0,0,0,0,1
0,0,0,0,0,0,0,0,0,0,0,1
0,4,0,0,4,0,0,0,0,0,4,1
0,0,0,0,0,0,0,0,0,0,0,1
0,1,1,0,0,0,0,0,0,1,2,1
0,0,0,0,0,0,0,0,0,0,4,1
0,0,0,0,0,0,0,0,0,0,0,1
0,0,0,0,0,0,0,0,0,0,0,1
0,0,0,0,0,0,0,0,0,0,0,1
0,0,0,0,0,0,0,0,0,0,0,1
0,0,0,0,0,0,0,0,0,0,0,1
0,0,0,0,0,0,0,0,0,0,0,0
0,0,0,0,0,0,0,0,0,0,0,0
0,0,0,0,0,0,0,0,0,0,0,0
0,1,1,0,0,0,0,0,0,1,4,1
0,0,0,0,0,0,0,0,0,0,0,1
0,1,1,0,0,0,0,0,0,1,11,1
0,22,1,0,8,3,0,0,0,7,16,1
0,0,0,0,0,0,0,0,0,0,0,0
0,0,0,0,0,0,0,0,0,0,0,1
0,0,0,0,0,0,0,0,0,0,0,0
0,0,0,0,0,0,0,0,0,0,0,1
0,0,0,0,0,0,0,0,0,0,0,1
0,2,1,0,0,0,0,0,0,1,2,1
0,16,1,0,7,0,0,0,0,5,20,1
0,0,0,0,0,0,0,0,0,0,0,1
0,3,1,0,1,0,0,0,0,1,0,1
0,0,0,0,0,0,0,0,0,0,0,1
0,0,0,0,0,0,0,0,0,0,0,1
0,1,1,0,0,0,0,0,0,1,1,1
0,10,1,2,4,0,0,0,0,3,7,1
0,0,0,0,0,0,0,0,0,0,0,0
0,0,0,0,0,0,0,0,0,0,0,1
0,0,0,0,0,0,0,0,0,0,0,1
0,7,1,2,1,2,0,0,0,5,4,1
0,0,0,0,0,0,0,0,0,0,0,1
0,30,1,0,18,0,0,0,0,18,19,1
0,1,0,0,0,0,0,0,0,1,5,1
0,0,0,0,0,0,0,0,0,0,0,1
0,0,0,0,0,0,0,0,0,0,0,1
1,32,24,24,27,0,0,0,0,26,4,1
0,0,0,0,0,0,0,0,0,0,0,0
0,0,0,0,0,0,0,0,0,0,4,1
0,0,0,0,0,0,0,0,0,0,0,1
0,0,0,0,0,0,0,0,0,0,0,1
0,1,1,0,0,0,0,0,0,1,2,1
0,0,0,0,0,0,0,0,0,0,0,1
0,7,1,1,4,0,0,0,0,1,6,1
0,0,0,0,0,0,0,0,0,0,0,1
0,0,0,0,0,0,0,0,0,0,0,1
0,0,0,0,0,0,0,0,0,0,0,1
0,0,0,0,0,0,0,0,0,0,0,1
0,0,0,0,0,0,0,0,0,0,0,1
0,0,0,0,0,0,0,0,0,0,0,1
0,0,0,0,0,0,0,0,0,0,0,1
0,3,1,1,0,0,0,0,0,1,11,1
0,0,0,0,0,0,0,0,0,0,0,0
0,0,0,0,0,0,0,0,0,0,0,1
0,0,0,0,0,0,0,0,0,0,0,1
0,0,0,0,0,0,0,0,0,0,0,1
0,1,0,0,0,0,0,0,0,0,2,1
0,0,0,0,0,0,0,0,0,0,0,1
1,11,2,1,0,0,0,0,0,10,15,1
0,1,1,0,0,0,0,0,0,1,4,1
0,0,0,0,0,0,0,6,0,0,6,1
0,0,0,0,0,0,0,0,0,0,0,1
0,0,0,0,0,0,0,0,0,0,0,1
0,0,0,0,0,0,0,0,0,0,0,1
0,0,0,0,0,0,0,0,0,0,0,1
0,9,2,1,5,0,0,1,0,3,9,1
0,0,0,0,0,0,0,0,0,0,0,0
1,323,133,143,0,0,0,17,0,139,35,1
0,0,0,0,0,0,0,0,0,0,0,0
0,0,0,0,0,0,0,0,0,0,0,0
0,0,0,0,0,0,0,0,0,0,0,1
0,0,0,0,0,0,0,0,0,0,0,1
0,0,0,0,0,0,0,0,0,0,0,0
0,1,1,0,0,0,0,0,0,1,0,1
0,2,1,0,0,0,0,0,0,2,19,1
0,6,1,1,2,0,0,0,0,3,4,1
0,0,0,0,0,0,0,0,0,0,0,1
18,6,1,1,0,0,0,26,0,1,14,1
0,0,0,0,0,0,0,0,0,0,0,0
0,0,0,0,0,0,0,0,0,0,0,1
0,0,0,0,0,0,0,0,0,0,0,1
0,2,0,0,1,0,0,0,0,1,1,1
0,0,0,0,0,0,0,0,0,0,0,1
0,3,1,1,0,0,0,0,0,1,11,1
0,0,0,0,0,0,0,0,0,0,0,0
0,3,1,1,0,0,0,0,0,1,11,1
0,2,1,0,0,0,0,0,0,2,19,1
0,0,0,0,0,0,0,0,0,0,8,1
0,0,0,0,0,0,0,0,0,0,0,1
0,0,0,0,0,0,0,0,0,0,0,1
0,0,0,0,0,0,0,0,0,0,0,1
0,0,0,0,0,0,0,0,0,0,0,1
0,3,1,1,0,0,0,0,0,1,11,1
0,11,1,1,6,0,0,0,0,3,3,1
0,0,0,0,0,0,0,0,0,0,0,1
0,0,0,0,0,0,0,0,0,0,0,1
0,2,1,0,0,0,0,0,0,2,2,1
0,0,0,0,0,0,0,0,0,0,0,0
0,1,1,0,0,0,0,0,0,1,0,1
0,0,0,0,0,0,0,0,0,0,0,1
0,0,0,0,0,0,0,0,0,0,0,1
0,0,0,0,0,0,0,0,0,0,0,1
0,10,3,3,3,0,0,1,0,6,13,1
0,0,0,0,0,0,0,0,0,0,0,0
0,8,1,2,4,0,0,0,0,2,6,1
0,0,0,0,0,0,0,0,0,0,0,0
0,0,0,0,0,0,0,0,0,0,0,1
0,0,0,0,0,0,0,0,0,0,1,1
0,0,0,0,0,0,0,0,0,0,0,1
1,294,120,128,0,0,0,17,0,126,36,1
0,0,0,0,0,0,0,0,0,0,0,1
0,3,1,1,0,0,0,0,0,1,11,1
0,0,0,0,0,0,0,0,0,0,0,1
0,3,1,1,0,0,0,0,0,1,11,1
0,0,0,0,0,0,0,0,0,0,0,1
0,0,0,0,0,0,0,0,0,0,0,1
0,0,0,0,0,0,0,0,0,0,0,1
0,0,0,0,0,0,0,0,0,0,0,1
0,0,0,0,0,0,0,0,0,0,0,0
0,0,0,0,0,0,0,0,0,0,0,1
0,0,0,0,0,0,0,0,0,0,0,1
0,0,0,0,0,0,0,0,0,0,0,1
0,0,0,0,0,0,0,0,0,0,0,1
0,1,1,0,0,0,0,0,0,1,0,1
1,6,0,1,1,1,2,0,0,2,4,1
1,3,0,0,1,0,2,0,0,2,6,1
0,0,0,0,0,0,0,0,0,0,0,0
0,0,0,0,0,0,0,0,0,0,0,1
0,2,1,0,0,0,0,0,0,2,19,1
0,0,0,0,0,0,0,0,0,0,1,1
0,0,0,0,0,0,0,0,0,0,0,0
0,0,0,0,0,0,0,0,0,0,1,1
0,0,0,0,0,0,0,0,0,0,0,1
0,0,0,0,0,0,0,0,0,0,0,1
0,0,0,0,0,0,0,0,0,0,0,0
0,0,0,0,0,0,0,0,0,0,0,0
0,0,0,0,0,0,0,0,0,0,1,1
0,10,1,3,5,0,0,4,1,3,8,1
0,0,0,0,0,0,0,0,0,0,0,1
0,0,0,0,0,0,0,0,0,0,0,1
0,1,1,0,0,0,0,0,0,1,4,1
0,12,3,4,4,0,0,1,0,9,19,1
0,0,0,0,0,0,0,0,0,0,1,1
0,0,0,0,0,0,0,0,0,0,0,0
0,2,1,0,1,0,0,0,0,1,2,1
0,0,0,0,0,0,0,0,0,0,0,1
0,0,0,0,0,0,0,0,0,0,0,1
0,0,0,0,0,0,0,1,0,0,0,1
0,0,0,0,0,0,0,0,0,0,0,0
0,0,0,0,0,0,0,0,0,0,0,0
